"('person', 0.6819126009941101, (338.3544616699219, 200.8710174560547, 39.81102752685547, 107.90200805664062))","('dog', 0.14744359254837036, (355.0323486328125, 240.73817443847656, 24.26144027709961, 27.218271255493164))","('suitcase', 0.11468072980642319, (335.03955078125, 194.53671264648438, 38.68761444091797, 67.63233184814453))"
"('person', 0.8158989548683167, (338.80279541015625, 201.42604064941406, 42.46055221557617, 109.12175750732422))","('suitcase', 0.16904601454734802, (358.1961364746094, 239.47454833984375, 15.618623733520508, 25.30594825744629))","('handbag', 0.11880291253328323, (348.9468994140625, 234.43399047851562, 27.30100440979004, 33.75574493408203))","('suitcase', 0.10021005570888519, (349.18060302734375, 234.52769470214844, 27.709575653076172, 33.797786712646484))"
"('person', 0.6514818668365479, (339.2508544921875, 202.03488159179688, 44.77617645263672, 109.08404541015625))","('tvmonitor', 0.12963150441646576, (316.01971435546875, 161.42031860351562, 600.9177856445312, 240.9725799560547))"
"('person', 0.4356471300125122, (339.03839111328125, 218.40280151367188, 51.54079818725586, 147.91294860839844))"
"('person', 0.5900173783302307, (338.85943603515625, 202.62896728515625, 46.32705307006836, 121.18487548828125))"
"('person', 0.4538078010082245, (338.42254638671875, 230.48777770996094, 47.93307876586914, 185.5132293701172))","('snowboard', 0.10565823316574097, (333.4094543457031, 173.0830078125, 45.29338073730469, 45.9419059753418))"
"('person', 0.7832875847816467, (335.1627197265625, 201.90646362304688, 44.691017150878906, 113.51313781738281))","('surfboard', 0.3946904242038727, (330.8091735839844, 174.32205200195312, 52.3253059387207, 37.13862991333008))"
"('person', 0.7661170363426208, (338.6134338378906, 220.568603515625, 43.568668365478516, 157.6877899169922))","('surfboard', 0.24169187247753143, (329.8223571777344, 173.51023864746094, 45.982330322265625, 39.60721969604492))"
"('surfboard', 0.7965543270111084, (334.7934265136719, 168.16354370117188, 52.33516311645508, 42.988502502441406))","('person', 0.725540041923523, (344.5545654296875, 200.34619140625, 32.11227035522461, 112.35186767578125))","('person', 0.46877560019493103, (323.3690185546875, 221.34213256835938, 27.672760009765625, 68.58535766601562))"
"('person', 0.5780349969863892, (341.49066162109375, 201.46607971191406, 38.031742095947266, 111.23817443847656))","('surfboard', 0.20498040318489075, (335.1131591796875, 167.01608276367188, 49.24504089355469, 40.72085189819336))"
"('person', 0.5683366060256958, (343.6561584472656, 200.72923278808594, 35.81298065185547, 109.8666000366211))","('surfboard', 0.3174331784248352, (338.2923583984375, 166.08868408203125, 54.99908447265625, 42.31908416748047))","('umbrella', 0.16576308012008667, (335.1270751953125, 167.39535522460938, 51.40007781982422, 41.135772705078125))"
"('person', 0.559042751789093, (340.5989074707031, 201.37728881835938, 45.55083465576172, 113.21648406982422))"
"('person', 0.35348087549209595, (345.0655517578125, 201.1848602294922, 39.897220611572266, 112.44180297851562))","('surfboard', 0.11268465220928192, (338.8277587890625, 166.0601348876953, 65.43771362304688, 37.803218841552734))","('snowboard', 0.1023273766040802, (339.37774658203125, 166.34254455566406, 58.20426940917969, 41.40446090698242))"
"('person', 0.32855653762817383, (345.9512634277344, 201.39682006835938, 39.42875671386719, 111.11273193359375))","('tvmonitor', 0.29494351148605347, (314.15966796875, 180.77687072753906, 613.3916015625, 297.9732666015625))","('surfboard', 0.17674562335014343, (341.9735107421875, 166.56260681152344, 59.0928840637207, 37.176475524902344))"
"('person', 0.7439615726470947, (342.1827392578125, 200.2442626953125, 47.577911376953125, 108.5303955078125))","('dog', 0.16505412757396698, (315.33367919921875, 224.29815673828125, 30.892780303955078, 37.05338668823242))"
"('person', 0.8758680820465088, (343.174072265625, 201.20367431640625, 46.917625427246094, 115.59576416015625))","('dog', 0.5479305386543274, (321.7996520996094, 230.9114990234375, 37.95454406738281, 42.21783447265625))"
"('person', 0.8364781737327576, (345.6239013671875, 201.5153045654297, 47.79943084716797, 105.16863250732422))","('dog', 0.1701768934726715, (317.3428955078125, 232.21832275390625, 28.714563369750977, 35.68096923828125))","('surfboard', 0.15844935178756714, (344.8983459472656, 177.64219665527344, 55.17148971557617, 25.61754035949707))"
"('person', 0.822350025177002, (348.4745788574219, 201.46543884277344, 45.493980407714844, 112.98295593261719))","('tvmonitor', 0.1259160190820694, (315.0358581542969, 179.83685302734375, 664.9948120117188, 274.2870178222656))","('skateboard', 0.10143808275461197, (343.0302734375, 182.7195281982422, 51.146484375, 24.156349182128906))"
"('person', 0.8706122636795044, (349.7631530761719, 201.21075439453125, 46.05268478393555, 106.00198364257812))","('surfboard', 0.2964265048503876, (346.755615234375, 186.55874633789062, 55.70248031616211, 19.51518440246582))","('skateboard', 0.2892860174179077, (346.92266845703125, 186.66014099121094, 56.11534118652344, 19.52511215209961))"
"('person', 0.9453235864639282, (347.2288818359375, 199.63351440429688, 43.896026611328125, 104.85246276855469))","('surfboard', 0.5210862159729004, (346.6302490234375, 196.31263732910156, 46.743568420410156, 81.11695861816406))","('surfboard', 0.2776408791542053, (342.8497009277344, 192.02676391601562, 46.03035354614258, 14.793985366821289))"
"('person', 0.9697453379631042, (347.5976867675781, 199.28025817871094, 45.82672119140625, 108.99417877197266))","('surfboard', 0.45100224018096924, (347.1551818847656, 197.28741455078125, 48.013671875, 105.1071548461914))","('surfboard', 0.1906650960445404, (343.7757568359375, 195.957275390625, 49.563636779785156, 10.329530715942383))","('surfboard', 0.10959501564502716, (344.9034423828125, 186.919921875, 48.66191101074219, 25.95452117919922))"
"('person', 0.8027157187461853, (349.47369384765625, 200.32749938964844, 44.553436279296875, 106.24494934082031))"
"('person', 0.8921720385551453, (354.83056640625, 201.77169799804688, 46.41069793701172, 107.15929412841797))","('surfboard', 0.18670246005058289, (351.20941162109375, 196.3948211669922, 53.76130676269531, 83.27485656738281))"
"('person', 0.644790530204773, (353.56280517578125, 221.01719665527344, 51.65170669555664, 143.10498046875))","('tvmonitor', 0.10886847972869873, (315.1864013671875, 181.24212646484375, 646.1328735351562, 253.2152099609375))"
"('person', 0.6351763010025024, (358.574951171875, 203.05938720703125, 51.847503662109375, 100.66995239257812))","('bench', 0.12026898562908173, (309.7097473144531, 199.7032012939453, 652.2760009765625, 245.41195678710938))"
"('person', 0.4335409104824066, (355.841552734375, 204.7427520751953, 65.4271011352539, 98.5793685913086))","('bench', 0.11131264269351959, (308.60491943359375, 199.642333984375, 597.2619018554688, 233.2680206298828))"
"('aeroplane', 0.17466488480567932, (317.39947509765625, 181.7911834716797, 581.0862426757812, 268.37261962890625))","('person', 0.1475192755460739, (325.28680419921875, 254.14356994628906, 25.328996658325195, 58.44723892211914))","('person', 0.10712509602308273, (351.85528564453125, 204.3687744140625, 71.04034423828125, 92.5701675415039))"
"('person', 0.5368680357933044, (359.8515625, 203.4566650390625, 70.5401840209961, 87.80194854736328))","('person', 0.10215328633785248, (356.2907409667969, 184.8841552734375, 53.749881744384766, 54.612876892089844))"
"('person', 0.2572579085826874, (362.2772216796875, 201.74658203125, 70.53386688232422, 82.3689193725586))","('person', 0.18932171165943146, (360.36083984375, 184.28872680664062, 50.511688232421875, 48.921443939208984))"
"('aeroplane', 0.2838727533817291, (319.0511474609375, 162.5996856689453, 640.62939453125, 279.2839050292969))"
"('aeroplane', 0.10561109334230423, (316.1656188964844, 179.23495483398438, 593.29736328125, 291.0345153808594))","('person', 0.1042218878865242, (365.3995361328125, 204.6551513671875, 70.72726440429688, 89.28370666503906))","('aeroplane', 0.10386071354150772, (366.019775390625, 205.07501220703125, 71.93624114990234, 88.8214111328125))"
"('aeroplane', 0.5664302706718445, (368.52490234375, 201.33106994628906, 65.41383361816406, 81.003662109375))"
"('aeroplane', 0.5941845178604126, (374.7890625, 202.87188720703125, 78.24215698242188, 84.43866729736328))","('person', 0.11586494743824005, (381.27606201171875, 193.5989532470703, 29.179134368896484, 56.8792610168457))"
"('skateboard', 0.313424676656723, (381.41851806640625, 222.9502410888672, 73.27075958251953, 29.82089614868164))","('aeroplane', 0.16965273022651672, (318.5332946777344, 178.522705078125, 619.9815063476562, 297.3373718261719))","('aeroplane', 0.11731727421283722, (381.14593505859375, 223.21304321289062, 72.7297134399414, 36.40316390991211))"
"('aeroplane', 0.19770662486553192, (319.701171875, 178.58984375, 611.7362060546875, 318.4429016113281))","('aeroplane', 0.17146572470664978, (385.69793701171875, 217.33665466308594, 86.49047088623047, 41.58356475830078))","('person', 0.12764891982078552, (372.548583984375, 193.51475524902344, 42.67522430419922, 49.88875961303711))"
"('person', 0.4731190800666809, (356.6600341796875, 199.887939453125, 69.59474182128906, 55.10247039794922))","('person', 0.17135265469551086, (354.2334289550781, 235.4788055419922, 84.21366882324219, 128.76695251464844))"
"('person', 0.9801977872848511, (340.7389831542969, 206.11610412597656, 81.80897521972656, 62.31422805786133))","('surfboard', 0.2442660629749298, (361.0218505859375, 229.6731414794922, 107.59341430664062, 13.775482177734375))","('surfboard', 0.13548851013183594, (325.0495910644531, 234.82061767578125, 56.95074462890625, 24.04983901977539))"
"('person', 0.9558629393577576, (323.71173095703125, 210.83480834960938, 83.4705810546875, 74.06381225585938))","('skateboard', 0.2874009609222412, (308.8455810546875, 260.9300231933594, 68.07218933105469, 70.78172302246094))","('skateboard', 0.18016597628593445, (323.2059326171875, 234.594970703125, 40.15165710449219, 19.34420394897461))","('boat', 0.11710086464881897, (309.9172668457031, 260.46405029296875, 64.96150207519531, 72.26630401611328))"
"('person', 0.6380913257598877, (298.58154296875, 211.93809509277344, 80.75422668457031, 73.2264404296875))","('skateboard', 0.6187252998352051, (311.2914123535156, 235.6507568359375, 40.273353576660156, 23.927104949951172))","('bottle', 0.2301933467388153, (578.3578491210938, 355.95599365234375, 17.0628719329834, 8.437155723571777))","('boat', 0.13964426517486572, (367.1085205078125, 187.9581756591797, 15.267396926879883, 8.69872760772705))"
"('person', 0.9966782331466675, (286.148193359375, 211.72512817382812, 88.91949462890625, 75.36385345458984))","('skateboard', 0.5836472511291504, (299.585205078125, 236.08303833007812, 47.65859603881836, 24.27226448059082))"
"('dog', 0.3702898621559143, (267.3411560058594, 211.84222412109375, 83.629150390625, 74.65740966796875))","('horse', 0.32049721479415894, (267.33990478515625, 211.84925842285156, 84.14375305175781, 75.74165344238281))","('person', 0.31721335649490356, (271.1982116699219, 211.66244506835938, 86.31639099121094, 76.55575561523438))","('tvmonitor', 0.12993915379047394, (325.6759948730469, 179.88958740234375, 600.64599609375, 275.8188171386719))"
"('horse', 0.8358532190322876, (256.11773681640625, 211.33045959472656, 85.00174713134766, 79.76728820800781))","('person', 0.32605743408203125, (256.08404541015625, 211.07354736328125, 83.55906677246094, 82.37908935546875))","('surfboard', 0.2577577829360962, (289.6149597167969, 230.6507568359375, 42.82020568847656, 20.517742156982422))"
"('person', 0.9939550757408142, (241.73902893066406, 210.8972930908203, 80.40687561035156, 83.07777404785156))","('skateboard', 0.12857243418693542, (231.51390075683594, 279.21807861328125, 51.65888977050781, 51.25822067260742))"
"('dog', 0.7577999830245972, (229.76541137695312, 207.11109924316406, 76.98692321777344, 79.5027084350586))","('horse', 0.6040442585945129, (228.97540283203125, 209.29991149902344, 75.69161987304688, 82.39129638671875))","('dog', 0.20838183164596558, (278.4757080078125, 233.10739135742188, 49.888423919677734, 23.00114631652832))","('tvmonitor', 0.16760936379432678, (321.949462890625, 180.2960662841797, 614.5740356445312, 294.3743591308594))","('person', 0.10880327969789505, (229.16769409179688, 209.9470977783203, 76.03599548339844, 83.84803009033203))"
"('person', 0.9001303315162659, (216.82669067382812, 205.2873077392578, 74.86776733398438, 85.82186889648438))","('surfboard', 0.3021254539489746, (224.82846069335938, 182.77540588378906, 37.543941497802734, 16.901357650756836))","('tvmonitor', 0.1428811401128769, (324.87298583984375, 181.35389709472656, 597.9598999023438, 310.2734375))","('surfboard', 0.13520269095897675, (273.12213134765625, 234.26156616210938, 62.66462707519531, 24.73015785217285))","('dog', 0.1296236515045166, (273.5403747558594, 234.3107452392578, 60.30012512207031, 24.856754302978516))"
"('horse', 0.8559130430221558, (208.30474853515625, 204.5038604736328, 73.32401275634766, 89.13920593261719))","('boat', 0.5875155329704285, (271.8342590332031, 242.61785888671875, 64.94193267822266, 43.932395935058594))","('car', 0.5509586334228516, (271.5059814453125, 242.66632080078125, 65.590576171875, 44.47580337524414))","('skateboard', 0.2512991428375244, (197.52479553222656, 271.4489440917969, 55.432838439941406, 47.71337127685547))"
"('horse', 0.46304795145988464, (198.39447021484375, 205.8956298828125, 65.69792175292969, 85.59442138671875))","('person', 0.41265958547592163, (197.50205993652344, 205.59356689453125, 67.13224792480469, 82.5650863647461))","('boat', 0.3003901243209839, (275.4143371582031, 231.914794921875, 57.38560485839844, 23.75774383544922))","('backpack', 0.22668997943401337, (196.68527221679688, 192.189208984375, 28.226764678955078, 31.216693878173828))","('surfboard', 0.1501663774251938, (207.33847045898438, 177.65719604492188, 34.34682083129883, 15.12101936340332))"
"('person', 0.9032427072525024, (190.83816528320312, 205.2742156982422, 69.39054870605469, 83.66785430908203))","('suitcase', 0.37839192152023315, (279.4270324707031, 230.80848693847656, 47.8507080078125, 24.790729522705078))"
"('person', 0.9225588440895081, (183.64608764648438, 201.96144104003906, 76.1186294555664, 91.15921783447266))","('surfboard', 0.5472160577774048, (281.37939453125, 230.14984130859375, 43.640769958496094, 24.55164337158203))","('skateboard', 0.18405389785766602, (179.24485778808594, 260.0365295410156, 42.61680603027344, 34.97309112548828))","('tvmonitor', 0.13090184330940247, (322.97314453125, 179.2188262939453, 618.3477172851562, 278.2024230957031))"
"('person', 0.6753460168838501, (173.98605346679688, 200.36691284179688, 64.77179718017578, 91.42293548583984))","('surfboard', 0.29976317286491394, (177.85595703125, 175.56533813476562, 36.87278366088867, 25.17974853515625))","('umbrella', 0.2723974883556366, (282.5387878417969, 228.641845703125, 41.66859436035156, 22.00582504272461))","('boat', 0.11067867279052734, (256.1271667480469, 182.30032348632812, 33.02186584472656, 13.271381378173828))"
"('person', 0.9663947820663452, (169.85256958007812, 201.03038024902344, 66.16378784179688, 97.60018157958984))","('dog', 0.11203790456056595, (284.1775817871094, 228.93344116210938, 50.142539978027344, 25.891712188720703))"
"('person', 0.9225480556488037, (160.81106567382812, 197.51512145996094, 61.57835388183594, 90.98147583007812))"
"('person', 0.911665678024292, (153.02914428710938, 197.7838897705078, 56.27020263671875, 101.35972595214844))"
"('person', 0.919173538684845, (148.9357147216797, 194.9076385498047, 55.519561767578125, 97.64408111572266))","('backpack', 0.27774709463119507, (138.4167022705078, 184.85092163085938, 21.452484130859375, 42.60395431518555))","('backpack', 0.11831571161746979, (144.86915588378906, 195.77557373046875, 41.867591857910156, 87.47480773925781))"
"('person', 0.9647742509841919, (139.92478942871094, 197.4683074951172, 54.451393127441406, 106.65083312988281))"
"('person', 0.9612096548080444, (131.3380584716797, 195.4328155517578, 50.30035400390625, 101.59600830078125))","('skateboard', 0.32012176513671875, (126.91300201416016, 270.5726318359375, 33.02597427368164, 60.48138427734375))","('backpack', 0.17891597747802734, (122.70718383789062, 184.919921875, 21.664934158325195, 37.972007751464844))"
"('person', 0.7890571355819702, (120.47771453857422, 197.17015075683594, 43.465492248535156, 102.89242553710938))","('tvmonitor', 0.10893517732620239, (321.16485595703125, 176.44400024414062, 620.0237426757812, 295.76507568359375))"
"('person', 0.7929741144180298, (111.99302673339844, 195.05628967285156, 48.5167121887207, 108.3598403930664))","('skateboard', 0.4707718789577484, (110.18082427978516, 269.72369384765625, 32.49290084838867, 62.58628845214844))","('fire hydrant', 0.20528389513492584, (308.52093505859375, 238.55125427246094, 48.2142448425293, 63.17972183227539))"
"('person', 0.9508667588233948, (103.06626892089844, 195.51629638671875, 42.4327278137207, 102.03185272216797))"
"('person', 0.7294479608535767, (92.83699798583984, 192.26406860351562, 44.35118865966797, 110.2835922241211))","('tvmonitor', 0.18009117245674133, (323.6318664550781, 177.54080200195312, 640.107421875, 280.7564392089844))"
"('person', 0.9503001570701599, (82.73765563964844, 193.41098022460938, 42.586669921875, 108.90486145019531))","('backpack', 0.4527384042739868, (74.11652374267578, 182.74508666992188, 19.122568130493164, 38.41151428222656))","('tvmonitor', 0.20443834364414215, (322.1482849121094, 175.8538360595703, 641.7249755859375, 270.7696838378906))"
"('person', 0.9663475751876831, (71.03685760498047, 192.44993591308594, 48.24623107910156, 106.57042694091797))","('car', 0.5123379826545715, (308.96246337890625, 234.2144012451172, 59.05345916748047, 53.82685470581055))"
"('person', 0.9658635854721069, (58.63044357299805, 192.04197692871094, 43.8487434387207, 109.1012954711914))","('tvmonitor', 0.19234202802181244, (324.0925598144531, 179.9997100830078, 626.4930419921875, 258.41864013671875))","('backpack', 0.13681957125663757, (46.44778823852539, 176.98199462890625, 15.90099811553955, 40.487937927246094))"
"('person', 0.927594006061554, (44.961181640625, 191.82350158691406, 40.40306091308594, 108.29588317871094))","('tvmonitor', 0.16715215146541595, (326.035888671875, 163.9116668701172, 628.420166015625, 277.4368591308594))"
"('person', 0.906623125076294, (32.655147552490234, 192.1558380126953, 40.89332580566406, 106.20411682128906))","('backpack', 0.16561436653137207, (28.278270721435547, 186.91429138183594, 27.823741912841797, 76.56928253173828))","('tvmonitor', 0.1620047241449356, (321.81365966796875, 178.84068298339844, 632.2808227539062, 258.5727233886719))"
"('person', 0.8495274186134338, (19.221569061279297, 190.69061279296875, 38.462745666503906, 111.31978607177734))","('tvmonitor', 0.47630298137664795, (322.210205078125, 179.32083129882812, 621.1719970703125, 256.13525390625))"
"('person', 0.8277462720870972, (10.704322814941406, 202.84051513671875, 22.009241104125977, 80.01004028320312))","('tvmonitor', 0.3438592255115509, (322.53741455078125, 178.64926147460938, 635.2469482421875, 263.50927734375))"
"('tvmonitor', 0.5639151334762573, (320.1696472167969, 176.9240264892578, 619.1090087890625, 250.77810668945312))","('person', 0.2256309986114502, (4.023517608642578, 205.1908416748047, 8.444864273071289, 47.53950500488281))"
"('umbrella', 0.21365684270858765, (310.791748046875, 207.7922821044922, 44.6175422668457, 17.84809684753418))","('tvmonitor', 0.1517220288515091, (318.2391357421875, 178.7183837890625, 647.6817626953125, 238.6348114013672))"
"('tvmonitor', 0.28587645292282104, (319.41937255859375, 177.7112274169922, 626.8909301757812, 266.53179931640625))"
"('tvmonitor', 0.37845587730407715, (320.91583251953125, 175.6804962158203, 648.4278564453125, 293.49212646484375))"
"('tvmonitor', 0.5378925800323486, (320.49676513671875, 177.1199493408203, 648.4415283203125, 281.8587951660156))"
"('tvmonitor', 0.3150133192539215, (317.43511962890625, 175.92361450195312, 649.2271728515625, 250.2779998779297))"
"('tvmonitor', 0.47324123978614807, (320.4542236328125, 175.9108123779297, 646.084228515625, 285.4794006347656))"

"('tvmonitor', 0.13959310948848724, (318.0317077636719, 177.06845092773438, 643.9871215820312, 269.5058288574219))"
"('tvmonitor', 0.26412007212638855, (317.8646545410156, 177.65478515625, 645.3187255859375, 299.29229736328125))"
"('tvmonitor', 0.7021884918212891, (321.5455627441406, 162.83299255371094, 643.916748046875, 297.5710754394531))","('cow', 0.5530254244804382, (301.5966796875, 206.96510314941406, 42.40059280395508, 28.128173828125))"
"('tvmonitor', 0.4587049186229706, (318.6421203613281, 175.29296875, 626.1226806640625, 274.0583190917969))"
"('tvmonitor', 0.4765445291996002, (319.7541198730469, 164.8072967529297, 630.0556640625, 270.7144470214844))","('cow', 0.38809946179389954, (300.2994384765625, 205.4047393798828, 39.99124526977539, 26.450761795043945))","('dog', 0.30294069647789, (299.9632873535156, 205.41603088378906, 41.639705657958984, 26.794471740722656))"
"('tvmonitor', 0.30077359080314636, (318.5773620605469, 174.32171630859375, 646.32666015625, 275.9753112792969))"
"('tvmonitor', 0.6059687733650208, (320.29925537109375, 176.35986328125, 632.3170776367188, 284.6605529785156))","('cow', 0.10841786116361618, (297.69940185546875, 205.26295471191406, 41.83110809326172, 26.37236976623535))"
"('dog', 0.6115587949752808, (296.0457763671875, 205.326904296875, 44.28207015991211, 26.734432220458984))","('horse', 0.4992789328098297, (294.9728088378906, 205.15716552734375, 45.540504455566406, 27.54644775390625))","('tvmonitor', 0.445671021938324, (320.85296630859375, 161.1236572265625, 619.71875, 258.22247314453125))"
"('tvmonitor', 0.41573524475097656, (318.625, 164.80950927734375, 629.67822265625, 276.0576171875))","('dog', 0.3812319338321686, (293.9360046386719, 204.54901123046875, 43.68608093261719, 26.337085723876953))","('microwave', 0.17425359785556793, (318.2527160644531, 175.1837921142578, 652.858642578125, 274.62628173828125))","('horse', 0.13832494616508484, (294.7598571777344, 204.50173950195312, 44.826358795166016, 26.688491821289062))","('cat', 0.1165233850479126, (294.9653015136719, 204.5119171142578, 45.34608459472656, 26.804658889770508))","('cow', 0.10719071328639984, (293.81878662109375, 204.5972900390625, 43.25719451904297, 26.57565689086914))"
"('tvmonitor', 0.5232647657394409, (320.63482666015625, 173.92080688476562, 640.5353393554688, 288.6623229980469))"
"('tvmonitor', 0.6792674660682678, (323.6578369140625, 163.25184631347656, 621.545166015625, 284.2708435058594))","('cow', 0.5116173624992371, (292.1084899902344, 202.76768493652344, 43.25111389160156, 29.55673599243164))","('horse', 0.1431378275156021, (292.296142578125, 202.8404083251953, 44.945091247558594, 29.55021858215332))"
"('tvmonitor', 0.501737117767334, (320.9835205078125, 162.96023559570312, 651.2481079101562, 280.7206726074219))","('cow', 0.20852580666542053, (291.7496032714844, 201.549560546875, 43.81922912597656, 29.289836883544922))","('cow', 0.10655688494443893, (275.491943359375, 202.63824462890625, 12.261723518371582, 25.841567993164062))"
"('tvmonitor', 0.13313525915145874, (319.69500732421875, 162.25616455078125, 647.585693359375, 251.28558349609375))"
"('tvmonitor', 0.3875431716442108, (319.95587158203125, 163.16551208496094, 642.4773559570312, 252.383544921875))"
"('tvmonitor', 0.393411785364151, (319.83514404296875, 163.97421264648438, 611.68798828125, 260.0562744140625))","('cow', 0.3807000517845154, (284.59527587890625, 200.48199462890625, 42.13449478149414, 31.190231323242188))","('horse', 0.17764237523078918, (284.8434753417969, 200.194580078125, 43.94485092163086, 30.883811950683594))"
"('tvmonitor', 0.33250683546066284, (319.7970275878906, 162.16763305664062, 632.30419921875, 264.534423828125))"
"('tvmonitor', 0.33287107944488525, (325.10009765625, 162.61785888671875, 611.8709716796875, 272.77972412109375))"
"('tvmonitor', 0.21667228639125824, (323.6499328613281, 160.3840789794922, 624.9677124023438, 218.40103149414062))"
"('tvmonitor', 0.33059731125831604, (322.9559020996094, 164.99539184570312, 613.7780151367188, 263.75433349609375))","('oven', 0.24398748576641083, (323.2276916503906, 175.79783630371094, 607.103515625, 292.2951354980469))","('cow', 0.15447242558002472, (278.3017578125, 195.7313232421875, 42.602840423583984, 27.705141067504883))"

"('cow', 0.7927443385124207, (277.0815734863281, 194.1809844970703, 43.218807220458984, 30.266645431518555))","('tvmonitor', 0.16027918457984924, (322.3078918457031, 179.7705535888672, 616.0653076171875, 281.7801513671875))"


"('aeroplane', 0.21014894545078278, (140.7964630126953, 143.40074157714844, 104.45175170898438, 31.519271850585938))","('aeroplane', 0.13027438521385193, (27.92890167236328, 148.77334594726562, 56.56694412231445, 34.163875579833984))","('oven', 0.11306846141815186, (323.1395263671875, 178.60450744628906, 613.4989013671875, 290.80755615234375))"
"('aeroplane', 0.10158409178256989, (88.50228881835938, 149.39340209960938, 175.96533203125, 47.246334075927734))"

"('aeroplane', 0.2052060216665268, (73.94722747802734, 145.26553344726562, 146.5458984375, 43.14688491821289))"
"('aeroplane', 0.4356977641582489, (70.38768005371094, 148.34170532226562, 134.66525268554688, 46.738800048828125))"
"('cow', 0.722711443901062, (277.0204162597656, 191.76766967773438, 45.55813217163086, 36.42009353637695))","('horse', 0.2543349862098694, (277.89404296875, 191.19248962402344, 47.774620056152344, 35.88933563232422))","('microwave', 0.1526719480752945, (325.152587890625, 180.45535278320312, 620.8145751953125, 304.68084716796875))","('dog', 0.10326122492551804, (277.7719421386719, 191.24166870117188, 47.21255874633789, 36.57322692871094))"
"('microwave', 0.4123889207839966, (328.363525390625, 178.51063537597656, 615.803955078125, 298.8370361328125))","('dog', 0.17606601119041443, (280.23736572265625, 191.37660217285156, 53.2637939453125, 33.672142028808594))","('aeroplane', 0.10405974835157394, (51.368370056152344, 143.47682189941406, 104.35596466064453, 38.844627380371094))"
"('tvmonitor', 0.34181928634643555, (326.57598876953125, 177.1260223388672, 595.6300048828125, 294.52392578125))","('dog', 0.294117271900177, (282.1494140625, 190.68626403808594, 55.817283630371094, 34.90702438354492))","('cow', 0.10073071718215942, (281.00506591796875, 191.1829071044922, 53.222740173339844, 35.36929702758789))"
"('cow', 0.8742547035217285, (279.46112060546875, 190.98965454101562, 49.0620231628418, 38.48095703125))","('microwave', 0.24587136507034302, (326.281494140625, 181.01112365722656, 613.955322265625, 309.4232482910156))","('horse', 0.11562951654195786, (279.5213623046875, 190.94815063476562, 48.15427780151367, 36.974510192871094))"
"('horse', 0.44003450870513916, (280.68505859375, 190.1458740234375, 51.111045837402344, 37.685115814208984))","('cow', 0.438588947057724, (280.889404296875, 190.42112731933594, 50.0919189453125, 38.09474563598633))","('dog', 0.2963019907474518, (280.7868347167969, 188.81448364257812, 50.10929489135742, 38.39866638183594))","('tvmonitor', 0.15150924026966095, (325.579833984375, 181.09095764160156, 662.242431640625, 279.90899658203125))"
"('tvmonitor', 0.2512909770011902, (325.79498291015625, 178.66024780273438, 599.0078125, 273.2228698730469))","('person', 0.21646305918693542, (281.5975646972656, 204.95269775390625, 54.742767333984375, 70.95027923583984))"

"('umbrella', 0.4229097068309784, (284.43475341796875, 178.3573760986328, 44.95106506347656, 18.994396209716797))"
"('cow', 0.15964563190937042, (280.11492919921875, 186.7821044921875, 49.8558235168457, 37.92902755737305))","('suitcase', 0.12002976983785629, (281.4398193359375, 178.14822387695312, 44.75520324707031, 20.552631378173828))"

"('cow', 0.8028701543807983, (275.25469970703125, 186.95895385742188, 56.40745162963867, 40.70424270629883))","('dog', 0.24549177289009094, (275.27203369140625, 186.80255126953125, 54.029232025146484, 40.699337005615234))","('tvmonitor', 0.1845809817314148, (323.59332275390625, 180.0049285888672, 632.7608642578125, 302.41998291015625))","('horse', 0.1703796088695526, (275.3529357910156, 186.796142578125, 53.72962188720703, 40.48841857910156))"

"('dog', 0.5111580491065979, (268.28826904296875, 185.3595733642578, 55.4854736328125, 41.199947357177734))","('cow', 0.33397483825683594, (267.96533203125, 186.13616943359375, 55.89177703857422, 41.09515380859375))","('horse', 0.1954783946275711, (270.3308410644531, 185.39559936523438, 55.941566467285156, 42.45032501220703))","('tvmonitor', 0.17342527210712433, (324.1829833984375, 177.96783447265625, 608.64404296875, 296.9825439453125))"
"('cow', 0.4793638586997986, (266.55584716796875, 183.99560546875, 55.84083938598633, 41.523189544677734))","('dog', 0.3673054873943329, (266.49798583984375, 185.07139587402344, 55.308326721191406, 44.68666076660156))"
"('cow', 0.6090631484985352, (264.2142333984375, 183.81150817871094, 54.854549407958984, 41.145729064941406))","('horse', 0.5282294154167175, (264.2196350097656, 184.20724487304688, 54.85416030883789, 41.12841796875))"
"('cow', 0.8332559466362, (259.18145751953125, 183.47787475585938, 55.50543975830078, 41.898372650146484))","('horse', 0.2684997022151947, (260.37725830078125, 184.35464477539062, 55.766448974609375, 43.9215202331543))","('dog', 0.11814408004283905, (260.48895263671875, 184.32472229003906, 56.13218307495117, 44.062355041503906))"
"('suitcase', 0.1660487949848175, (258.180908203125, 182.42893981933594, 58.65556716918945, 43.335819244384766))"
"('dog', 0.3558846712112427, (255.97845458984375, 182.1871337890625, 61.58237838745117, 42.33603286743164))","('suitcase', 0.19554933905601501, (256.46356201171875, 182.64447021484375, 58.20341491699219, 43.76089859008789))","('tvmonitor', 0.15507927536964417, (323.6456604003906, 177.05508422851562, 681.2794189453125, 324.89422607421875))"
"('dog', 0.28941789269447327, (250.9794464111328, 182.44471740722656, 58.395668029785156, 42.00100326538086))","('horse', 0.17236849665641785, (252.69989013671875, 182.46389770507812, 61.12422561645508, 44.392433166503906))"
"('horse', 0.5720123052597046, (250.3871307373047, 181.5254669189453, 59.57354736328125, 43.118465423583984))","('dog', 0.28155776858329773, (250.32777404785156, 181.4850616455078, 60.301025390625, 42.43927001953125))"

"('dog', 0.7127681374549866, (246.09605407714844, 180.75514221191406, 60.305267333984375, 43.5662727355957))","('cow', 0.3838934600353241, (243.79266357421875, 181.1975555419922, 63.34870147705078, 45.40264892578125))","('horse', 0.105771504342556, (245.87562561035156, 181.00228881835938, 62.55768585205078, 46.628684997558594))"
"('dog', 0.3910556435585022, (243.2559814453125, 181.1849822998047, 60.805084228515625, 44.187103271484375))","('cow', 0.2535945773124695, (242.12164306640625, 180.98495483398438, 64.12293243408203, 45.04348373413086))","('horse', 0.22056452929973602, (243.05113220214844, 181.09494018554688, 61.672630310058594, 44.15153121948242))"

"('horse', 0.6983293294906616, (239.67056274414062, 179.00050354003906, 65.42780303955078, 44.965728759765625))","('cow', 0.3000612258911133, (239.66632080078125, 178.81158447265625, 65.55039978027344, 45.81663131713867))"


"('cow', 0.6777195334434509, (240.82948303222656, 177.4566650390625, 64.92705535888672, 45.52825164794922))","('horse', 0.5591236352920532, (240.93829345703125, 177.29150390625, 65.81227111816406, 47.95834732055664))"
"('cow', 0.5631531476974487, (241.27606201171875, 176.62855529785156, 66.59312438964844, 44.83233642578125))","('horse', 0.4598328173160553, (242.03036499023438, 176.20538330078125, 65.94445037841797, 47.700435638427734))"
"('dog', 0.45482274889945984, (241.7841339111328, 175.80848693847656, 67.95458984375, 49.401702880859375))","('horse', 0.43396008014678955, (241.67764282226562, 175.76918029785156, 67.51936340332031, 49.0865478515625))","('cow', 0.3465109169483185, (240.97793579101562, 176.46083068847656, 65.97514343261719, 46.24977111816406))"
"('horse', 0.3941689133644104, (242.37779235839844, 175.65206909179688, 69.38287353515625, 47.65011978149414))","('cow', 0.1804615557193756, (241.62857055664062, 177.1794891357422, 66.59644317626953, 45.83263397216797))"
"('cow', 0.456540048122406, (243.26083374023438, 177.1295166015625, 67.0166015625, 45.54969024658203))","('dog', 0.386829674243927, (244.8765869140625, 176.2778778076172, 69.51935577392578, 50.76097869873047))","('horse', 0.3203617036342621, (243.74571228027344, 176.13967895507812, 65.42059326171875, 48.64780044555664))"
"('dog', 0.5527886748313904, (246.69326782226562, 175.54090881347656, 72.55766296386719, 49.865901947021484))","('horse', 0.5030297636985779, (245.88693237304688, 175.03578186035156, 67.16556549072266, 48.04624557495117))"
"('dog', 0.7053224444389343, (249.6968994140625, 174.59400939941406, 73.26487731933594, 50.4521484375))","('horse', 0.2689030170440674, (249.3063507080078, 174.50497436523438, 70.37409210205078, 50.74858474731445))","('cow', 0.15417662262916565, (246.88357543945312, 176.33242797851562, 70.61662292480469, 45.35967254638672))"
"('horse', 0.6284183859825134, (251.2293243408203, 174.8817138671875, 72.93058776855469, 50.696868896484375))","('dog', 0.5920261144638062, (251.38128662109375, 175.21957397460938, 75.71841430664062, 51.078765869140625))"
"('dog', 0.7199986577033997, (253.6646728515625, 175.4208984375, 75.51241302490234, 51.14540100097656))","('horse', 0.3635551333427429, (251.9809112548828, 175.2984161376953, 72.42342376708984, 51.370323181152344))"
"('person', 0.13569489121437073, (253.07859802246094, 174.9173126220703, 71.85684204101562, 56.341941833496094))","('dog', 0.11892816424369812, (254.68080139160156, 175.1913299560547, 76.61248779296875, 54.785518646240234))"
"('dog', 0.5408923029899597, (254.49319458007812, 173.4400634765625, 76.87655639648438, 56.56049728393555))","('horse', 0.49180367588996887, (254.0889892578125, 173.58468627929688, 76.45951843261719, 57.234764099121094))","('cow', 0.10947289317846298, (252.1453094482422, 173.72789001464844, 79.84148406982422, 55.634769439697266))"
"('person', 0.1570286601781845, (254.00668334960938, 172.8322296142578, 77.27737426757812, 57.380367279052734))","('backpack', 0.15274523198604584, (259.47528076171875, 164.9040985107422, 66.83219146728516, 37.70418930053711))","('handbag', 0.1443246752023697, (260.23931884765625, 164.54949951171875, 64.35126495361328, 36.31148910522461))"
"('suitcase', 0.1589670479297638, (257.8143615722656, 162.9289093017578, 64.71858215332031, 31.44508171081543))","('backpack', 0.13773228228092194, (257.85595703125, 163.342041015625, 64.79399871826172, 34.265079498291016))","('person', 0.10824485123157501, (251.76377868652344, 174.11642456054688, 78.08744049072266, 58.32047653198242))"
"('dog', 0.5652101039886475, (247.29164123535156, 173.03536987304688, 80.95986938476562, 58.198978424072266))","('horse', 0.30704861879348755, (247.03988647460938, 173.19435119628906, 80.24504852294922, 59.81107711791992))"
"('dog', 0.6686033606529236, (244.6543731689453, 173.70864868164062, 75.21852111816406, 61.2292594909668))"
"('dog', 0.7568719983100891, (239.8746337890625, 172.1766357421875, 79.4939956665039, 62.20124053955078))","('horse', 0.4836934506893158, (239.495849609375, 172.01832580566406, 76.7728500366211, 63.58197784423828))"
"('dog', 0.7933105230331421, (234.63070678710938, 172.7696990966797, 80.19818115234375, 64.3006362915039))","('horse', 0.15718992054462433, (237.63870239257812, 172.234130859375, 82.65963745117188, 65.49739837646484))"
"('dog', 0.8841844201087952, (229.48846435546875, 173.05274963378906, 86.29006958007812, 69.64232635498047))"
"('dog', 0.6876665949821472, (228.37379455566406, 165.85791015625, 79.41419219970703, 61.1204948425293))","('horse', 0.1525038629770279, (227.923095703125, 166.01104736328125, 74.53516387939453, 63.635589599609375))"
"('person', 0.16097761690616608, (223.614013671875, 168.278564453125, 88.96153259277344, 73.16580963134766))"
"('person', 0.20953479409217834, (219.3277587890625, 168.18490600585938, 88.37774658203125, 72.84333801269531))"
"('person', 0.27675876021385193, (213.83949279785156, 204.31301879882812, 88.92591857910156, 145.4207000732422))"
"('dog', 0.5594090819358826, (213.10064697265625, 165.43209838867188, 83.59577178955078, 65.11876678466797))","('cat', 0.14440065622329712, (212.89430236816406, 165.49212646484375, 82.5867919921875, 68.04413604736328))"
"('dog', 0.7097412347793579, (206.62954711914062, 164.00743103027344, 81.2394027709961, 63.033992767333984))","('horse', 0.11514301598072052, (206.09754943847656, 163.3577117919922, 79.62681579589844, 64.0163803100586))"

"('dog', 0.6248731017112732, (191.82620239257812, 165.03756713867188, 86.26297760009766, 57.57749938964844))","('horse', 0.4079289138317108, (191.27545166015625, 165.09034729003906, 83.68247985839844, 59.21580505371094))"
"('dog', 0.13884125649929047, (185.69883728027344, 166.75833129882812, 90.24687194824219, 58.21160125732422))"
"('dog', 0.200566366314888, (179.44851684570312, 168.23240661621094, 92.89936065673828, 61.90174102783203))"







"('train', 0.19026246666908264, (179.41815185546875, 163.15542602539062, 105.66319274902344, 58.8872184753418))"

"('person', 0.5198590755462646, (210.2166748046875, 161.8833465576172, 100.51655578613281, 66.03373718261719))","('horse', 0.33167022466659546, (210.46820068359375, 162.00746154785156, 103.56228637695312, 67.23014831542969))"

"('person', 0.4459490478038788, (208.10296630859375, 158.62863159179688, 38.26976776123047, 70.9149169921875))"
"('horse', 0.5899150371551514, (261.48126220703125, 156.1646728515625, 114.2598648071289, 76.95960998535156))","('dog', 0.27591001987457275, (262.2406005859375, 156.6116485595703, 119.85429382324219, 73.25006103515625))"
"('horse', 0.6943393349647522, (278.3355407714844, 155.32736206054688, 116.41595458984375, 79.48858642578125))"

"('horse', 0.4576961100101471, (310.67144775390625, 148.04080200195312, 128.86102294921875, 73.30793762207031))","('dog', 0.14777250587940216, (310.373779296875, 147.0341796875, 119.36466979980469, 67.63810729980469))","('elephant', 0.13334965705871582, (310.4560546875, 147.08071899414062, 119.93022918701172, 67.36775970458984))","('fire hydrant', 0.1151554137468338, (257.2988586425781, 157.55868530273438, 37.33430480957031, 58.71507263183594))"
"('person', 0.6451877355575562, (322.142822265625, 147.09506225585938, 130.034423828125, 73.00541687011719))"

"('person', 0.7027347087860107, (293.0278625488281, 155.21450805664062, 46.05264663696289, 51.45518112182617))"

"('person', 0.22072117030620575, (356.1476135253906, 147.147705078125, 129.62110900878906, 79.49348449707031))"
"('person', 0.14103782176971436, (349.95263671875, 148.6832733154297, 172.3532257080078, 89.76566314697266))"
"('person', 0.38546645641326904, (330.5182189941406, 154.2740478515625, 146.8747100830078, 86.62090301513672))","('horse', 0.15646179020404816, (330.69818115234375, 154.13937377929688, 147.37014770507812, 86.76631927490234))"
"('person', 0.3972057104110718, (320.2730712890625, 156.67059326171875, 157.09439086914062, 90.59183502197266))"
"('person', 0.2622508704662323, (248.62896728515625, 160.78001403808594, 56.378753662109375, 85.9792709350586))","('umbrella', 0.18162189424037933, (307.8023681640625, 128.7965850830078, 123.07002258300781, 29.633142471313477))"
"('person', 0.29909926652908325, (220.57470703125, 163.0499267578125, 51.2843132019043, 83.27813720703125))","('fire hydrant', 0.2628793716430664, (286.0446472167969, 157.65097045898438, 101.78620910644531, 78.43453216552734))","('person', 0.11245625466108322, (263.6842346191406, 159.7418975830078, 142.28359985351562, 85.88331604003906))"
"('person', 0.37337619066238403, (241.95184326171875, 164.719970703125, 134.728515625, 89.28992462158203))","('horse', 0.31630849838256836, (241.78765869140625, 164.63446044921875, 136.0579071044922, 89.60419464111328))","('skateboard', 0.10466961562633514, (216.4743194580078, 200.46759033203125, 82.52098083496094, 18.513744354248047))"
"('horse', 0.4606592059135437, (224.954345703125, 165.33590698242188, 131.2582550048828, 88.84393310546875))","('dog', 0.1426359862089157, (225.1580810546875, 165.1551513671875, 130.26422119140625, 88.34112548828125))","('elephant', 0.12807399034500122, (226.9190216064453, 164.9588623046875, 137.0988006591797, 83.54424285888672))"
"('dog', 0.4947342574596405, (214.7467803955078, 166.90187072753906, 129.8605499267578, 81.5251235961914))","('horse', 0.35787758231163025, (215.08192443847656, 166.5022430419922, 132.090087890625, 84.38829803466797))","('elephant', 0.10006397217512131, (214.76455688476562, 166.78196716308594, 129.1627655029297, 81.5047378540039))"
"('horse', 0.5045426487922668, (206.5709686279297, 167.8974151611328, 126.89972686767578, 85.6192626953125))","('dog', 0.32062828540802, (206.84396362304688, 167.4998321533203, 127.69435119628906, 82.49168395996094))","('elephant', 0.22885960340499878, (207.0242919921875, 167.44190979003906, 127.75126647949219, 82.29645538330078))"
"('horse', 0.6438374519348145, (198.0021514892578, 167.9252471923828, 126.56512451171875, 82.78103637695312))","('dog', 0.3752903640270233, (197.5076904296875, 168.13621520996094, 121.9010009765625, 83.57715606689453))","('elephant', 0.14178159832954407, (204.6885986328125, 168.0900421142578, 128.88673400878906, 84.572021484375))"
"('horse', 0.23960717022418976, (205.83021545410156, 168.65325927734375, 123.98663330078125, 81.8614501953125))","('bench', 0.20748020708560944, (205.72817993164062, 168.68801879882812, 126.04598999023438, 81.02865600585938))","('dog', 0.1464756429195404, (206.02174377441406, 168.51683044433594, 127.60814666748047, 80.3189926147461))","('person', 0.11883954703807831, (164.60781860351562, 173.5360870361328, 47.869510650634766, 75.61485290527344))","('person', 0.1003679633140564, (192.7474822998047, 171.7654266357422, 103.82014465332031, 82.59458923339844))"
"('person', 0.11674971878528595, (211.26251220703125, 168.13360595703125, 127.12639617919922, 81.86608123779297))"
"('bear', 0.13512058556079865, (219.2523193359375, 167.9875030517578, 126.09381866455078, 82.31686401367188))","('person', 0.12209351360797882, (178.76510620117188, 175.85801696777344, 40.53654098510742, 71.07778930664062))"
"('horse', 0.38518625497817993, (228.93067932128906, 168.81565856933594, 133.5135955810547, 82.09825134277344))","('dog', 0.20205485820770264, (230.45526123046875, 169.33827209472656, 129.31683349609375, 81.48538970947266))"
"('horse', 0.16275742650032043, (242.1935272216797, 169.01731872558594, 134.71780395507812, 78.7746810913086))"
