"('bicycle', 0.3025477590949036, (911.7687377929688, 250.82919311523438, 82.98640441894531, 58.19729995727539))","('bench', 0.812322259642357, (768.8499145507812, 261.62335205078125, 119.7119140625, 41.33334732055664))","('bench', 0.6092357503813366, (1259.123291015625, 234.672607421875, 66.04924774169922, 39.098628997802734))","('backpack', 0.5279884002236432, (1015.5932006835938, 319.8376770019531, 71.26307678222656, 44.31102752685547))"
"('bicycle', 0.5795543977229173, (905.3801982267457, 251.03534587531595, 84.40835189819336, 61.92788076400757))","('bench', 0.7919759378571228, (765.9236680934279, 264.28757531000156, 116.69640064239502, 39.72562885284424))","('bench', 0.635603920891514, (1252.489041632663, 240.73639807128131, 65.358229637146, 42.95822763442993))","('backpack', 0.20969982644350355, (380.84745025634777, 119.93912887573245, 26.723653793334968, 16.616635322570804))"
"('bicycle', 0.7792968046157497, (898.2624601304094, 257.1176070979195, 85.27815319242931, 62.53530429658436))","('bench', 0.7923805312659569, (1061.4699761883512, 256.3304668327404, 86.22012874058315, 42.37244742257254))","('bench', 0.36230764819058103, (944.1245182344976, 259.3738291840432, 98.86419205438523, 41.45505015055338))","('backpack', 0.08491593284511773, (145.08474295479914, 45.691096714564736, 10.180439540318083, 6.330146789550783))"
"('bicycle', 0.4089700341786452, (896.4543649631142, 265.52330356727174, 79.71142245205967, 59.820779488303444))","('bench', 0.533369473116079, (1173.87145785515, 259.2705517698086, 75.6414116599343, 43.40688074285334))","('bench', 0.14717625349753904, (360.4839069622627, 99.03364387027105, 37.748146057128906, 15.828291875665837))","('backpack', 0.03449446601750747, (55.39599276455968, 17.445691472833808, 3.8870769153941778, 2.416965137828481))"
"('bicycle', 0.7055677564802665, (895.8694444847987, 274.2095108156625, 83.52073791291978, 60.812283489439224))","('bench', 0.685395165784627, (1221.1967606639357, 268.3387993203959, 68.17939657635159, 42.054074711269806))","('bench', 0.13147031894439135, (608.4375211968589, 215.74822430819358, 84.48048226038614, 27.620300849278763))","('backpack', 0.014019589442708778, (21.158191680908217, 6.663284937540691, 1.4846474329630541, 0.9231464068094895))"
"('bicycle', 0.3981834150186648, (908.6764939119771, 270.5932813135852, 83.99491675905587, 60.74922117440707))","('bench', 0.4062499428714061, (949.9161825685164, 273.6533793868408, 92.1695144612846, 41.1880688452278))","('bench', 0.05343808030034976, (232.4005386003917, 82.4078098153312, 32.26840701722971, 10.54992923685979))","('backpack', 0.005698472114715808, (8.081643506766001, 2.545127403198566, 0.5670801865959675, 0.35260764610229833))"
"('bicycle', 0.7204198908453691, (919.1214652940486, 262.8983784548418, 85.68507759380243, 61.10442209292086))","('bench', 0.6619735477847609, (1156.5309515440724, 260.4776741210424, 73.45191174848222, 37.705296957988025))","('bench', 0.2624075244660474, (577.9477338846227, 196.12519222906172, 77.70865683666719, 27.538026521754237))","('backpack', 0.002316262175178163, (3.0869094245701953, 0.9721509939269093, 0.21660509660251243, 0.1346839742457614))"
"('bicycle', 0.5537427997355171, (917.7372308699215, 259.65234299008847, 80.78096712779703, 62.7782361337644))","('bench', 0.7364302964893608, (922.0827437658292, 263.52244984203935, 93.95465129226353, 37.47262328623249))","('bench', 0.49008812085136794, (1008.0750031229917, 231.90257061702465, 69.08479879367462, 34.393211530089005))","('backpack', 0.0009414950044079012, (1.179094273239467, 0.3713285723706886, 0.082735770258003, 0.05144469140114802))","(13, 0.21571685373783112, (1689.5511474609375, 308.0290222167969, 127.31394958496094, 57.8751220703125))"
"('bicycle', 0.5792146263150141, (907.0345695115052, 255.84885759033816, 82.16598945048149, 62.02325564974427))","('bench', 0.7271247733134503, (1129.8102337440303, 254.93743032450388, 74.85846989554823, 40.37198141454681))","('bench', 0.4282090623915648, (856.9412374706009, 250.6197334489078, 90.93591275155237, 36.13455352783203))","('backpack', 0.0003826912150983456, (0.4503739249151194, 0.1418348900230391, 0.031602251344668104, 0.01965012307177627))","(13, 0.16689585149288177, (1677.114013671875, 303.86236572265625, 126.12721252441406, 61.03230667114258))"
"('bicycle', 0.6507692899247315, (894.7765729080274, 252.66164238296574, 89.84245817606497, 62.71128402381713))","('bench', 0.72100562859117, (890.5798802130957, 257.9142764934058, 103.96874519517436, 39.9057736756753))","('bench', 0.41381337470962043, (1098.4761279795948, 247.62315127102522, 74.36626287282311, 38.47974053891669))","('backpack', 0.00015555321567322576, (0.17202753102878343, 0.05417610699598327, 0.01207098584759075, 0.0075056791022848224))","(13, 0.1429261863231659, (1663.4520263671875, 297.4434509277344, 130.0261688232422, 59.248722076416016))"
"('bicycle', 0.43954122741822693, (878.1020020670342, 259.51309388594854, 84.08630145772561, 52.79422054050543))","('bench', 0.6403618770270776, (1099.068615108842, 251.8269754860594, 80.268767668676, 40.37245333606083))","('bench', 0.44520840786371346, (869.2430302873612, 259.3686153182465, 95.03119531469233, 39.19000172911223))","('backpack', 6.322800787479438e-05, (0.06570866981648515, 0.02069343148304563, 0.004610706313549858, 0.0028669143068617694))","(13, 0.10343805700540543, (1647.29638671875, 297.0180358886719, 129.5673828125, 63.141719818115234))"
"('bicycle', 0.738412030173532, (861.5655160876317, 260.1917423990211, 85.99522402403723, 62.495687451635646))","('bench', 0.5312824522871304, (860.18010172368, 264.6416082375564, 96.2758870396284, 40.404263642105825))","('bench', 0.3212458512249978, (1082.6592886931426, 253.94685655205066, 73.73249352568196, 38.17437096679408))","('backpack', 2.570040721748721e-05, (0.025098478512358892, 0.007904187482028285, 0.0017611330994923907, 0.0010950638223008453))","(13, 0.11034180223941803, (1628.8857421875, 296.3177490234375, 129.35305786132812, 54.40574645996094))"
"('person', 0.14197160161207634, (522.4780286494686, 155.53612242732888, 43.55635463900251, 38.87598444926366))","('bicycle', 0.8236228251425535, (848.8590682643679, 259.70145028306155, 84.73989433639711, 61.768513703585484))","('bench', 0.6835305524619407, (763.4139307761282, 266.9726668617905, 103.50469464602261, 41.90112768470455))","('bench', 0.49059017631580537, (1158.9729221026482, 249.54460558635424, 66.67042119585145, 41.22079941091605))","('backpack', 1.0446492836577546e-05, (0.00958676572570107, 0.0030191309646483587, 0.0006726929852858452, 0.0004182771602636992))","(13, 0.1127469465136528, (1623.388427734375, 291.71051025390625, 129.21685791015625, 56.977577209472656))"
"('person', 0.05770746380623508, (199.56884856871818, 59.409512288774366, 16.637047046026666, 14.849304713481242))","('bicycle', 0.7111255368023975, (841.2082473494805, 254.05803809498798, 89.33148895279443, 64.31518026038056))","('bench', 0.7392793958736226, (1035.3048281719123, 248.2874172712317, 75.8440861333718, 37.79136995584952))","('bench', 0.35222785957533365, (1444.934087034054, 268.19598650852976, 108.30625781470104, 45.633136775460265))","('backpack', 0.1627027507432388, (585.5061370651947, 204.26555084256898, 49.492476479355325, 32.544115536621305))","(13, 0.17835789918899536, (738.2637939453125, 335.37939453125, 235.19387817382812, 202.6697998046875))","(13, 0.13232417404651642, (692.5973510742188, 265.1322021484375, 130.74526977539062, 45.45470428466797))"
"('person', 0.023456461300432864, (76.22851705755072, 22.69241443925165, 6.354786499149581, 5.671929691244415))","('bicycle', 0.7659197675212812, (835.5139027539677, 252.47119077280306, 88.7795345061914, 64.71506291031898))","('bench', 0.8561731964436899, (1137.6361187839384, 239.86107560266362, 67.11944585586761, 39.40240233590762))","('bench', 0.435930224116911, (1552.998384375152, 272.31681523652713, 122.4758590972371, 51.69913715250035))","('backpack', 0.06613409296754444, (223.64344373719456, 78.02249769112237, 18.904443827704334, 12.430746001182747))","(13, 0.28584352135658264, (686.3770751953125, 266.7716979980469, 136.98106384277344, 46.37468719482422))"
"('person', 0.07675744279647431, (546.8872614950095, 163.41085469909413, 50.3142194423644, 44.245676845126006))","('bicycle', 0.6924467781776804, (834.7608140866764, 251.61304895907648, 89.61135139511306, 67.11341160020106))","('bench', 0.7564477385383022, (1177.2184482213638, 235.44151370971738, 61.68782474527166, 39.85709065167546))","('bench', 0.47365177926931523, (1596.202341551727, 271.6748724219085, 126.41533631820678, 52.96283962706163))","('backpack', 0.16157340463538716, (670.7587639382895, 234.49672938556176, 58.497193132030404, 38.407915045287496))","(13, 0.21150079369544983, (691.61181640625, 267.9472961425781, 120.1390609741211, 44.08449172973633))"
"('person', 0.031199742073639437, (208.89234587674088, 62.41739236438315, 19.218321709562314, 16.900344699593827))","('bicycle', 0.8136124670677425, (837.233296857452, 256.4396710499456, 87.29503924906791, 66.55023885385661))","('bench', 0.8008257807016632, (1457.5959556908222, 257.78992832351787, 108.13295939808316, 48.29974328591993))","('bench', 0.6717383169699673, (1355.8568600496335, 250.1513963861729, 83.70308024412304, 45.1373208380415))","('backpack', 0.3036535180363905, (843.9916315409525, 295.0841070981322, 73.5592249231947, 49.04106014919103))","(13, 0.378095418214798, (696.1421508789062, 275.4631652832031, 110.40803527832031, 44.12040710449219))"
"('person', 0.012681817814628567, (79.78977613521599, 23.841322394056178, 7.340745686322812, 6.455357253655704))","('bicycle', 0.863452599754008, (841.866318918457, 266.9272035011538, 87.02868379891808, 64.84142520031254))","('bench', 0.8776651117621606, (1570.56464029758, 270.3611877587042, 127.25061688914872, 52.32098652629584))","('bench', 0.5037039384555067, (957.0828672435141, 274.0939406984782, 99.96310440217538, 43.166222740068754))","('backpack', 0.1234266163296949, (322.3761170281657, 112.7120993715723, 28.097123734561976, 18.732018132662965))","(13, 0.3181968331336975, (1214.570556640625, 248.06532287597656, 57.53400421142578, 43.584869384765625))"
"('person', 0.005154802328296008, (30.47698252890728, 9.106574817785445, 2.8039153494061395, 2.465727061373302))","('bicycle', 0.8356618829322843, (850.4283255765234, 279.11043302904073, 88.37860728634651, 66.44236539068145))","('boat', 0.0744968861619298, (66.90212467531447, 275.39904559023927, 46.30032803788423, 20.30375235371448))","('bench', 0.8252343512337306, (1621.7189686741867, 280.58581657044147, 134.4856637245971, 52.26997087422387))","('bench', 0.6711727405664083, (1124.2748515855137, 265.0829706002756, 75.03148108013971, 42.04304363203865))","('backpack', 0.05016944877540365, (123.13671954354555, 43.05219101658494, 10.732146280491296, 7.154994248797914))","(13, 0.5344105958938599, (719.631591796875, 302.4914855957031, 109.44833374023438, 42.64363479614258))"
"('person', 0.002095282193153334, (11.641171451505855, 3.4784020593001594, 1.0710003618956079, 0.9418239304642033))","('bicycle', 0.9545928320238185, (860.1435195506124, 293.6728609677953, 88.4029057173805, 68.26556982345446))","('boat', 0.030280889368663903, (25.554337706387102, 105.19307494618954, 17.685151620202042, 7.755343299958252))","('bench', 0.870549192279009, (1068.740766368588, 305.48944000989724, 120.51950677165402, 47.461423784823886))","('bench', 0.6395565109701127, (1192.5722601324462, 271.29381457030775, 67.42722436001785, 43.87800972968873))","('backpack', 0.020392470159795673, (47.03404160247095, 16.444473678182558, 4.099315106911912, 2.7329646137307817))","(13, 0.49009183049201965, (1670.328125, 298.899169921875, 144.1810302734375, 52.760719299316406))"
"('person', 0.0008516732920768838, (4.446531825610288, 1.3286313601150335, 0.40908573628068434, 0.35974473001930807))","('bicycle', 0.9437209842007704, (870.7045619482262, 299.84797824549787, 87.52325378901976, 67.88261919338463))","('boat', 0.01230833002824007, (9.760888443846842, 40.18017924832938, 6.755126822721907, 2.962277546160281))","('bench', 0.9561392712921385, (866.4101394078561, 315.45336452100037, 113.2363710126141, 45.538815546463034))","('bench', 0.7909712631398554, (1495.0553640419266, 285.47827127309256, 112.49163459411633, 48.21722399157721))","('backpack', 0.008288965682677292, (17.96540526386733, 6.281230017962736, 1.5657990402444413, 1.043899592394431))","(13, 0.6106011271476746, (1252.4312744140625, 273.2718200683594, 61.4139518737793, 39.371864318847656))"
"('person', 0.00034618124413373264, (1.6984240253250098, 0.5074920210449413, 0.15625684694644543, 0.13741025959372105))","('bicycle', 0.9307069375897489, (883.1850016805123, 296.43418977322096, 85.93684495829825, 66.15550454464608))","('boat', 0.0050029900456243, (3.7283276251534234, 15.34746279879862, 2.5802288479636823, 1.1314893385225915))","('bench', 0.9517386529313292, (796.4095626914535, 312.80305480749456, 107.26047564181816, 46.031249464184))","('bench', 0.7157732161082314, (1623.6798635020323, 286.29118882997574, 129.36513596733076, 49.71242196158096))","('backpack', 0.003369231463879226, (6.862174189131045, 2.3992163757056524, 0.598082013821412, 0.39873416345251134))","(13, 0.33737775683403015, (1267.8798828125, 264.7497863769531, 58.14704895019531, 44.72846221923828))"
"('person', 0.08505033898511218, (555.8970409066906, 174.01406171505585, 40.781283814552474, 38.44142546321671))","('bicycle', 0.9499261484742567, (884.9070887116532, 291.04375836861817, 90.38600812746238, 66.12197320340165))","('boat', 0.002033574769216258, (1.42409443161343, 5.8622091480664835, 0.9855597211691416, 0.43219046940749417))","('bench', 1, (768.4421405069897, 308.85032680974984, 108.39829688983936, 44.73962939292173))","('bench', 0.9001777035908346, (1670.3706966263583, 281.6262318082426, 126.13820987038054, 49.65765428522728))","('backpack', 0.0013694978471098227, (2.6211173035258097, 0.9164191091542215, 0.228447001219795, 0.1523028979631032))","(13, 0.3985554873943329, (1266.6494140625, 253.6529083251953, 57.5273323059082, 37.78529357910156))"
"('person', 0.25936639228262276, (264.68745603741553, 501.1182346956366, 34.36635590258119, 40.56676831132302))","('person', 0.20835705977624294, (36.40181453203641, 449.1225971347098, 33.48408678657506, 38.152032358052566))","('bicycle', 0.7169482356600898, (888.372572103803, 284.46152334372795, 85.92397239530091, 64.71409764410735))","('boat', 0.0008265909594623064, (0.5439556696868675, 2.2391646454008316, 0.37645031554374275, 0.16508206969989114))","('bench', 1, (1347.9897157703663, 285.74522165973417, 130.9453738538995, 51.6674210925094))","('bench', 0.8813492036919703, (1102.680790950644, 294.5170903106652, 115.35134283982282, 48.36534988059237))","('backpack', 0.0005566623645022655, (1.0011777214463846, 0.35004095175701266, 0.08725898983797298, 0.05817453043679828))","(13, 0.2836582660675049, (1269.1719970703125, 247.19662475585938, 55.800445556640625, 38.508792877197266))","(0, 0.1257810741662979, (1125.858642578125, 246.7085723876953, 42.84281539916992, 58.54716110229492))"
"('person', 0.1786564855795483, (153.1708173201514, 625.9831514862817, 36.34119591953958, 47.96805937153271))","('person', 0.08469128578811283, (13.904255899068058, 171.54956698983295, 12.789783070220427, 14.57277962089028))","('bicycle', 0.8955239601306113, (892.9473095213301, 278.3632669650379, 89.40265373928568, 66.30801251420645))","('boat', 0.000335985981242353, (0.20777257744717248, 0.8552847881360117, 0.14379122546208686, 0.06305573969217926))","('bench', 0.9078744702108565, (1304.9104660352111, 259.8320249218988, 86.6987336347383, 46.39192952532609))","('bench', 0.8197769022259874, (891.6056890106424, 293.4465617245701, 109.46050736102134, 47.55144242416294))","('backpack', 0.16407005286262488, (626.4450516264113, 216.8516359921091, 54.7398670703838, 37.02099150008897))","(13, 0.5476781725883484, (1715.6217041015625, 266.7389221191406, 141.35374450683594, 51.84502410888672))"
"('person', 0.1844117677659634, (83.51702675236889, 674.6957926001386, 36.64164897318606, 36.703634179968674))","('person', 0.12908890498782302, (55.08676014510457, 492.65621365025174, 20.80826295997219, 32.11302400844754))","('bicycle', 0.9364885241154335, (900.3002754593604, 270.2774099973859, 89.06724265492699, 69.67634388542038))","('boat', 0.00013656885343243897, (0.07936206265465001, 0.32668971900720356, 0.054923360842517865, 0.024085149376646638))","('bench', 0.8460389453086563, (971.0168069716419, 274.10299754409755, 97.91214531049468, 45.07640770921479))","('bench', 0.7585255608175703, (1408.6658965988809, 277.5942486093973, 131.75854475450484, 53.41859865475005))","('backpack', 0.21036607312496203, (868.0019769245462, 297.1990688611161, 75.89786093424868, 50.222026252713434))","(13, 0.6070436835289001, (1284.7530517578125, 235.9606170654297, 59.16975784301758, 40.95207214355469))","(0, 0.1030609980225563, (55.31246566772461, 702.2980346679688, 39.22952651977539, 40.88909149169922))"
"('person', 0.17451685013765406, (60.5562096599365, 684.890821895071, 36.0623283303334, 35.99430523173324))","('person', 0.14927565944922114, (63.619687232592504, 614.3849205057453, 36.09853029874663, 42.94307200058684))","('bicycle', 0.9155709329493722, (907.1085270582881, 263.5315801185453, 91.88181886814205, 67.93315935884215))","('boat', 5.5511398597305286e-05, (0.03031361051677759, 0.12478436888559918, 0.02097885706546676, 0.00919970843776067))","('bench', 0.9510863494588386, (1444.132105532844, 271.9072013775657, 127.25438442145, 55.34128113840568))","('bench', 0.8576273536705631, (1014.5785015894511, 276.90251072834263, 118.9628902795707, 48.12370938016049))","('backpack', 0.2943744702896277, (964.6033544037136, 327.34069880332504, 84.0666281017326, 58.33214782352346))","(13, 0.7581963539123535, (1294.255859375, 235.30091857910156, 56.24754333496094, 45.16437530517578))"
"('person', 0.07093619215841207, (23.13041386023103, 261.60501538106644, 13.77458370872911, 13.748601197083936))","('person', 0.06067635792710724, (24.300558169212593, 234.67415745779243, 13.788411630203317, 16.402793922890226))","('bicycle', 0.8291703145834561, (912.5684697299529, 256.49725295167997, 88.8457808279228, 68.6913106783382))","('boat', 2.2563822546502834e-05, (0.011578768895682774, 0.04766338764959405, 0.008013210353882423, 0.0035139759366353794))","('bench', 0.9620810656653871, (1030.6393215268079, 269.04587100533934, 112.8630143166878, 47.790826960736))","('bench', 0.9233700567539529, (1464.0052009121687, 274.7340154400031, 127.7361326816856, 56.40362427064688))","('backpack', 0.3640129068058846, (1004.7204065939168, 334.4766741978362, 86.94117514495186, 62.124106982053526))","('handbag', 0.11659285546064717, (636.0608123669911, 208.94387038713865, 54.748120672545504, 39.1395065936557))","(13, 0.8461338877677917, (1302.8212890625, 233.39797973632812, 58.71900177001953, 43.45089340209961))","(13, 0.10284096747636795, (1244.0660400390625, 232.14968872070312, 193.77139282226562, 54.303977966308594))"
"('person', 0.2351071322383465, (798.5724907072723, 244.87177643527554, 15.77948689302832, 39.882082706949944))","('person', 0.20037520046083057, (578.5276031207178, 237.21182490834124, 51.376702567217876, 52.30581004018992))","('bicycle', 0.9121796411835912, (915.3741488735837, 251.80016662635853, 90.26006458378731, 66.84893796083026))","('bicycle', 0.13537294472418188, (715.7191507986088, 136.77306330021617, 25.60189719478733, 38.03826576363451))","('boat', 9.171559369336164e-06, (0.0044226961702707335, 0.01820579406318296, 0.0030607739961805124, 0.001342219372145468))","('bench', 1, (875.1703077048297, 264.81780541439156, 112.17788733048769, 46.233035535037246))","('bench', 0.8619274819741582, (1640.0130084903578, 277.18975595381926, 132.23188114125608, 58.40604675363523))","('backpack', 0.3607344583843835, (1021.3116387338684, 335.75666450575477, 90.40780060696196, 62.620389376723935))","('handbag', 0.17470315786236568, (880.3823186390933, 288.1718931127062, 76.78494377902021, 53.12995485897242))","(13, 0.7187082767486572, (1307.47265625, 231.63612365722656, 60.11677169799805, 44.05806350708008))","(0, 0.18916094303131104, (939.7130126953125, 235.30223083496094, 32.10721206665039, 63.9998779296875))"
"('person', 0.09556443803058393, (305.0275489695184, 93.53269571270968, 6.027227668103341, 15.233600051920465))","('person', 0.08144688442668044, (220.97788096210445, 90.60685458159742, 19.624154150783248, 19.979041626257043))","('bicycle', 0.9005216890830937, (917.4479836588466, 249.37800880578786, 91.27831657854038, 65.18305365321591))","('bicycle', 0.05502529533641139, (273.38038920585706, 52.2426614352417, 9.779054551928171, 14.52932464860691))","('boat', 3.727980978927497e-06, (0.0016893196151294278, 0.006953994539954839, 0.0011691116346591148, 0.0005126821798010249))","('bench', 0.994298404827868, (814.1031091038027, 261.5637830745586, 111.55269068757192, 42.61969517225687))","('bench', 0.7347839241846189, (1712.1952529564896, 283.9346884578834, 137.87471778091503, 64.33451647746494))","('backpack', 0.33941498424197136, (1028.904338443569, 336.0424722939532, 93.28972149556945, 60.81433472288913))","('handbag', 0.30544643607247984, (974.732861699883, 317.50323836387577, 88.7315977838947, 58.491889890739216))","(13, 0.5683621168136597, (1310.6102294921875, 234.80459594726562, 57.20793533325195, 46.0587043762207))"
"('person', 0.03884425678266078, (116.51015620128305, 35.726310702853525, 2.3021961112817055, 5.818717448811453))","('person', 0.03310586822898663, (84.40603976559558, 34.608738836451074, 7.495759885131871, 7.631314838581217))","('bicycle', 0.9088831758326019, (920.0809261204716, 245.6794469381229, 85.2049014438916, 70.18874981821959))","('bicycle', 0.022366235240197443, (104.4220168189625, 19.954921005508965, 3.7352664609971873, 5.549708182186215))","('boat', 1.5153194369226593e-06, (0.0006452626751175502, 0.00265618955668156, 0.0004465609077968322, 0.00019582716725760667))","('bench', 0.9709081591651874, (792.0606935101403, 258.79140963321106, 111.42171930321749, 40.071841256826296))","('bench', 0.6666763122384028, (1468.1931180378933, 253.63893300016838, 85.88295264642173, 49.163009692062886))","('backpack', 0.4988253623392211, (1032.1306226294032, 336.16372822297654, 95.96093248342324, 61.55348171735497))","('handbag', 0.31256993136805067, (1010.809646700315, 328.77012864755307, 93.93513170465438, 61.54259108136373))","(13, 0.41403284668922424, (1758.427490234375, 294.5599060058594, 144.31350708007812, 64.17261505126953))"
"('person', 0.13760885128946682, (837.1565582809015, 157.00466166162923, 13.940493028411204, 55.842621366926885))","('person', 0.09164106638970149, (599.2635820536321, 161.48082882410827, 53.178599770312005, 52.35781059848355))","('bicycle', 0.9750673672744041, (918.4816238980767, 246.17527348675313, 87.31667706278533, 73.39247268042602))","('bicycle', 0.10196877504365738, (760.889602237842, 151.0072249690251, 37.415547420700676, 36.194077268861044))","('boat', 6.159347402507932e-07, (0.0002464684102232231, 0.0010145741300898405, 0.00017057108873138195, 7.47993219717952e-05))","('bench', 0.9675542651021919, (780.6585045420711, 258.9973989717842, 113.50126753496981, 39.42998417204756))","('bench', 0.5137592262112565, (1373.8141184488122, 249.3661076107852, 65.71471647946834, 49.034449048807524))","('backpack', 0.37918703380992613, (1030.0867668327162, 340.7257018940547, 96.07389823237091, 64.96770100229277))","('handbag', 0.2576664555477981, (1022.2181952993714, 337.7098156613184, 93.71453186399259, 65.75180891126213))"
"('person', 0.055934128481395395, (319.7653513584221, 59.97044436256482, 5.324794516922125, 21.329983341274954))","('person', 0.03724951653604862, (228.89832012447596, 61.68018807930564, 20.312417638131834, 19.998904072091243))","('bicycle', 0.9566202519603904, (915.7874142579229, 257.9337817662099, 86.81117429845474, 68.79655132804754))","('bicycle', 0.04144743968819839, (290.63396636846755, 57.679627391365784, 14.291467407024196, 13.824907325264952))","('boat', 2.50360151796281e-07, (9.414255555211914e-05, 0.00038753283358796157, 6.515235839731371e-05, 2.8570798657778962e-05))","('bench', 0.9718351460786234, (777.7898906875586, 266.7939243621515, 109.80410129218785, 39.53186658188695))","('bench', 0.4013868395593645, (1334.6569282509859, 258.40084846595374, 57.26807757365192, 47.73528755984003))","('backpack', 0.15412886648540097, (393.4581335686097, 130.14563728286444, 36.69696369306724, 24.815453611935226))","('handbag', 0.17581463429016467, (1025.1801317840827, 350.72498143554213, 94.8916872505922, 61.15895519736858))"
"('person', 0.022735650357200002, (122.13949579436488, 22.906671426065238, 2.0338905223551746, 8.147328656897983))","('person', 0.015140881013637877, (87.43137831979575, 23.559735413808653, 7.758653144083498, 7.638901617790177))","('bicycle', 0.9883128729061734, (917.4020082049279, 269.00113212649086, 86.1330625057145, 71.80729530522875))","('bicycle', 0.016847218729178007, (111.01229686756074, 22.031657205072293, 5.458854800371915, 5.280644706933813))","('boat', 1.0176436156521235e-07, (3.595925643313438e-05, 0.00014802437067404443, 2.488598646055921e-05, 1.0913074001541686e-05))","('bench', 0.8258371036929477, (777.6495910377458, 278.43387624964834, 112.66191831103144, 39.034010400797506))","('bench', 0.16315246326290095, (509.79358327134673, 98.70034139218319, 21.87445916276942, 18.23325738510886))","('backpack', 0.06264905011489004, (150.28763387311292, 49.7112099545387, 14.01699284683082, 9.478659833512912))","('handbag', 0.2140741049185062, (1027.9628140150203, 365.4244569808259, 95.39675750013244, 62.76300370293258))"
"('person', 0.00924140254257794, (46.653136024672534, 8.749569915630895, 0.7768770501433988, 3.112002629418999))","('person', 0.006154342369713293, (33.3958148349113, 8.999018162120336, 2.963541794118661, 2.917800781279289))","('bicycle', 1, (924.0974728441922, 282.0966022990825, 88.52522461761856, 70.49659563903805))","('bicycle', 0.00684792066877855, (42.40292423421471, 8.415344223851102, 2.085096994091549, 2.017026795536489))","('boat', 4.136435135732772e-08, (1.3735213747284022e-05, 5.654027843417178e-05, 9.505600984363923e-06, 4.168423346846101e-06))","('bench', 0.904353122830116, (782.4287172115073, 288.7302271386123, 112.11759292497284, 39.28447461944278))","('bench', 0.36695873559765657, (1015.1780661055786, 220.2223468707986, 38.04916850036564, 34.7058916186531))","('backpack', 0.02546507717728378, (57.40476805072913, 18.987992580751666, 5.3540148474252245, 3.6205258886035123))","('handbag', 0.22538308363346105, (1036.751386509386, 378.73411907084096, 96.0718938127436, 60.36042476234444))","('suitcase', 0.1981786566601091, (643.8481020559681, 239.12269593382243, 62.2587293052692, 38.67113149304308))","(13, 0.1802002340555191, (1772.3990478515625, 371.9547424316406, 142.77232360839844, 65.70013427734375))"
"('person', 0.20014824788376673, (592.7991074743935, 176.10011856750165, 25.79321953454386, 32.18651503649618))","('person', 0.1700118115399016, (756.5607412624123, 175.99591701647768, 32.29396624883364, 42.14742247550693))","('bicycle', 1, (940.874221029787, 295.40297641665774, 91.23309240121326, 51.28791762124437))","('bicycle', 0.0027834871879871695, (16.196475835083408, 3.214375466481017, 0.796436181902733, 0.770435679675654))","('boat', 1.681344565912709e-08, (5.246384808717687e-06, 2.1596464628470932e-05, 3.6308164925325602e-06, 1.5921960389966185e-06))","('bench', 0.8385449244712705, (800.3612982670504, 291.8492827381055, 113.5921799063897, 37.86864029952846))","('bench', 0.2684735164771001, (1224.6438910585387, 265.97976306601475, 48.05033729427317, 34.17288433187968))","('backpack', 0.1246792836293876, (682.1983749806998, 246.24885331385786, 59.12090455326441, 34.52485137986929))","('handbag', 0.09161188571343057, (396.00379176300623, 144.66356078581148, 36.696198072897324, 23.055630683834778))","('suitcase', 0.08055405113860856, (245.9280913932687, 91.33674236521387, 23.780718498233703, 14.771057846925984))","(0, 0.1798660159111023, (967.7603759765625, 273.03521728515625, 37.013885498046875, 44.03267288208008))","(0, 0.1724477857351303, (951.544189453125, 293.4492492675781, 84.66136169433594, 64.54804992675781))","(0, 0.1185678020119667, (33.524749755859375, 641.5814819335938, 67.32530212402344, 77.5766830444336))"
"('person', 0.17957490228453385, (247.1559756848181, 462.9189820522282, 51.42896558201232, 64.24596303889749))","('person', 0.06910502065033614, (288.9804886084264, 67.22445841908848, 12.335197475512505, 16.09888284744241))","('bicycle', 1, (957.6982887933542, 292.20229349126095, 92.94326265207243, 65.9877925840307))","('bicycle', 0.001131409270118002, (6.186503271035525, 1.22778217559195, 0.3042115516166501, 0.2942802434904732))","('boat', 6.83419286550327e-09, (2.0039406788690405e-06, 8.249115451241026e-06, 1.3868484932337591e-06, 6.081647701437551e-07))","('bench', 0.9247152509009978, (817.3106735159205, 294.4931552663202, 113.90867899789124, 38.33670456618283))","('bench', 0.3987500321525319, (1319.065647228295, 290.6786162915592, 49.84165929214852, 39.673143549014476))","('backpack', 0.19378907065000384, (933.2067640406855, 336.62941536194916, 85.86155360101044, 48.94617497610399))","('handbag', 0.17680740740130024, (823.2611324014298, 299.1091223622417, 75.74354760088909, 45.20239184730796))","('suitcase', 0.12054897187093755, (766.6072232973086, 277.56765162978127, 71.79246892543836, 41.30336046376033))"
"('person', 0.07299214812343965, (94.40518218895792, 176.81931710644858, 19.644116846080184, 24.53977424088935))","('person', 0.028089247657728633, (110.38072456286707, 25.67745824078777, 4.711626177703877, 6.149226066820312))","('bicycle', 1, (968.579106518222, 296.80409167289343, 89.75656109951184, 67.95497531721107))","('bicycle', 0.0004598860530177697, (2.363033978023167, 0.46897106029483326, 0.1161984729472173, 0.11240505079576577))","('boat', 2.777907221982282e-09, (7.654372278894352e-07, 3.150881725252145e-06, 5.297289871687173e-07, 2.3229827143464713e-07))","('bench', 0.9880521275945262, (831.1661235325372, 298.70772246298577, 113.81673977656774, 38.917339553936586))","('bench', 0.5506248382237198, (1359.5377530431917, 305.201670311316, 48.7720177001882, 44.14536356137402))","('backpack', 0.07876980786087867, (356.45326533223863, 128.58099505525857, 32.79619514871506, 18.69577522157215))","('handbag', 0.33835451878847744, (991.73269033247, 362.80149101350315, 89.15565528908996, 56.14390247407643))","('suitcase', 0.27833087163131437, (970.0284695969924, 354.55732937440945, 91.88363070008728, 55.95818557973065))"
"('person', 0.20919584288227577, (642.4289485805698, 249.66731628793053, 64.51008903745922, 52.670980488913955))","('person', 0.011417489301819284, (42.161685080174834, 9.807916303274846, 1.7996810575991287, 2.348795353018527))","('bicycle', 1, (975.9472742119276, 297.5773187089184, 92.42590674162471, 67.2809502707773))","('bicycle', 0.00018693074853293776, (0.9025986630339777, 0.17913100529255, 0.04438386722500183, 0.042934908896824095))","('boat', 1.1291411708459383e-09, (2.9237100479926527e-07, 1.2035297245154113e-06, 2.0233846827239304e-07, 8.87300441601864e-08))","('bench', 0.9937550639569983, (839.0110008979433, 299.9119907418436, 111.4756035453889, 39.660810177790154))","('bench', 0.4867569337490232, (1379.7866752776988, 308.26920922014176, 46.30707998902152, 45.64113862923227))","('backpack', 0.15540062331397955, (817.6343680945386, 297.22012039044563, 75.96262004589741, 47.53086857755708))","('handbag', 0.1375315973415444, (378.8081799526293, 138.57783839801866, 34.05443003116303, 21.445062484037877))","('suitcase', 0.30302219876813513, (1052.6486544307954, 383.3373983184916, 99.31178775974547, 62.55689183167216))","(13, 0.18141600489616394, (56.98879623413086, 699.1473388671875, 109.26496887207031, 236.26177978515625))","(13, 0.1392126828432083, (1843.7891845703125, 435.7152404785156, 149.5380096435547, 183.7262725830078))","(13, 0.12046239525079727, (1299.246826171875, 294.47161865234375, 197.52565002441406, 69.14192962646484))"
"('person', 0.08503222753409234, (245.38602300091912, 95.36442894201923, 24.64066139502743, 20.118524325982577))","('person', 0.004640888340819983, (16.104330677657448, 3.746290669036769, 0.6874169950935098, 0.8971599922352691))","('bicycle', 1, (984.4062654850278, 295.7919736322171, 93.45843048128242, 69.11408969514851))","('bicycle', 7.598209277665186e-05, (0.34476201107876614, 0.06842195558281679, 0.01695312872778822, 0.01639967589470655))","('boat', 4.5896413444274067e-10, (1.1167578650836069e-07, 4.5970744829408945e-07, 7.72864176484619e-08, 3.389186104591208e-08))","('bench', 1, (842.186515797333, 299.2089071015152, 117.93918083963226, 39.858476132776616))","('bench', 0.39444552545368494, (1393.7309347095957, 307.4384105858981, 47.56315189269832, 45.41559138755091))","('backpack', 0.40351490306482163, (1000.9785219218841, 361.6796108690577, 93.55715004624473, 59.85730635840973))","('handbag', 0.05590272692394982, (144.69184952541784, 52.932024180552844, 13.007634804399135, 8.191284978037219))","('suitcase', 0.12317000279987933, (402.07600778072117, 146.42185699870697, 37.93372744070699, 23.8946064491481))","(13, 0.23982731997966766, (58.89994812011719, 702.7210693359375, 113.44824981689453, 238.19882202148438))"
"('person', 0.034563209382122276, (93.72912042218763, 36.42597053812717, 9.411895147623078, 7.684592489033774))","('person', 0.0018863906085313316, (6.151306952797517, 1.4309557038354623, 0.262569927681401, 0.34268462368728103))","('bicycle', 1, (989.4733096427314, 293.9528318917828, 93.9766978503582, 76.2468580747273))","('bicycle', 3.0884584093464226e-05, (0.13168737020232085, 0.02613486145590039, 0.006475518958362835, 0.006264118787295559))","('boat', 1.8655601455658482e-10, (4.265635472581684e-08, 1.755926203668573e-07, 2.9520784672992718e-08, 1.2945538977549853e-08))","('bench', 1, (849.2306867276652, 300.89011134033177, 116.14397056881201, 39.361040233593414))","('bench', 0.6681151518652795, (1403.1367381691098, 307.7839670017051, 46.83513317999213, 45.25051185378115))","('backpack', 0.1640174612366172, (382.3397733655279, 138.14931831414412, 35.73565142709168, 22.863456553897315))","('handbag', 0.1376033291176144, (747.6765600566343, 273.01076107714175, 70.72046408207434, 44.361583162508566))","('suitcase', 0.05006514259151895, (153.57936891136828, 55.92817267762939, 14.489394562375505, 9.126927515772136))","(13, 0.1615716516971588, (1851.9127197265625, 380.6750793457031, 136.4763946533203, 73.99395751953125))"
"('person', 0.014048972694658188, (35.80133826564378, 13.913482672362278, 3.5950240478418056, 2.9352531411187472))","('person', 0.0007667647369698351, (2.349590180735106, 0.5465764424696182, 0.1002927879506933, 0.13089387882657402))","('bicycle', 1, (995.5283202253692, 300.4647780785173, 95.47386792735296, 70.718156729361))","('bicycle', 1.2553714957945582e-05, (0.050300099528196446, 0.009982628784884387, 0.002473428147300287, 0.0023926804671801304))","('boat', 7.582977395280252e-11, (1.629327766908983e-08, 6.707041280648245e-08, 1.1275936370516266e-08, 4.944755886737481e-09))","('bench', 1, (852.5550552779287, 305.4762402985826, 118.61417559010295, 39.09834671666567))","('bench', 0.4932544844477203, (1411.3327919517662, 309.37159600206525, 45.185214248566574, 43.443639517135075))","('backpack', 0.46252747569206504, (843.8706256382011, 308.81894363682864, 77.90603493332124, 49.44357681898626))","('handbag', 0.05593188387382114, (285.5870333500323, 104.28083143699129, 27.012813579186265, 16.94461697332322))","('suitcase', 0.3068943090045991, (756.6339880847079, 277.5077893797711, 70.57598882986012, 46.81292284896376))","(13, 0.2523145377635956, (1856.149169921875, 442.14117431640625, 127.97445678710938, 202.4314727783203))","(13, 0.1692684292793274, (1854.8623046875, 385.3486633300781, 132.1517333984375, 74.5088882446289))"
"('person', 0.005710512342564528, (13.674894374743708, 5.314477478959672, 1.3731769959023414, 1.1211669343224697))","('person', 0.00031166830411552863, (0.897463589407802, 0.20877362357339263, 0.038308436170678924, 0.049997012792441065))","('bicycle', 0.952886136838281, (1003.7198911724271, 303.0603826553294, 97.39751561211122, 67.26763400906285))","('bicycle', 5.102732119313109e-06, (0.01921292838226849, 0.0038130248987527727, 0.0009447654835380282, 0.0009139226142448325))","('boat', 3.082267077478241e-11, (6.223478281452651e-09, 2.561861805259007e-08, 4.307024438556086e-09, 1.888728682662592e-09))","('bench', 1, (862.387900341867, 306.9014390637652, 117.48969236415633, 38.16083500258841))","('bench', 0.6158664327958253, (1422.707950893639, 312.43390292088424, 44.76487596615359, 47.38236741717424))","('backpack', 0.5483731403891305, (1028.2970278671805, 374.6281703748197, 97.03993375069223, 62.08510718716394))","('handbag', 0.1354309213108818, (815.0799623640487, 296.3260251141831, 77.01991447189945, 46.895213837924274))","('suitcase', 0.12474390672706864, (289.0084664049754, 105.99854340022546, 26.957628943373642, 17.880945415577592))"
"('person', 0.09521750283905324, (639.581346314242, 185.0385885871258, 54.520737812559815, 48.5454415331002))","('person', 0.0001266844014946805, (0.3428005874883002, 0.07974442825055969, 0.014632520561343478, 0.019097159550749192))","('bicycle', 1, (1017.5290519141788, 301.32185023824456, 92.21509575730744, 70.56134454449284))","('bicycle', 0.11796794999137891, (792.2269038344765, 177.5255674977922, 35.34531125397007, 42.95954875420901))","('boat', 1.2528548934907038e-11, (2.3771571752681277e-09, 9.785441351287764e-09, 1.6451369451519914e-09, 7.214301612502959e-10))","('bench', 0.9932529564424624, (875.037214682188, 305.21670046079987, 117.16186653686142, 38.27542456665966))","('bench', 0.6869025847667112, (1437.671409191048, 310.39229761903624, 43.618117546615025, 44.820761658515366))","('backpack', 0.637667803974594, (1111.9920253526698, 398.0018080243462, 102.87473158305383, 62.79067617492642))","('handbag', 0.055048861188600404, (311.33284207408144, 113.186469842463, 29.41898951765568, 17.912377776392667))","('suitcase', 0.22524227170860553, (827.0393812923074, 293.72369604187537, 73.69666463568129, 44.852185117749364))","(13, 0.11225426942110062, (1379.748291015625, 302.8346252441406, 171.02890014648438, 54.37210464477539))"
"('person', 0.14994698898609557, (1045.8284985059074, 244.84737939324782, 58.107759768017715, 62.58171846539457))","('person', 0.10239256669852917, (643.76007122354, 182.0794458838575, 55.878144820513675, 45.577224700053414))","('bicycle', 1, (1031.2172637970987, 298.51950363595967, 94.16032401784278, 73.14970819559849))","('bicycle', 0.047950654406848384, (302.6037504626756, 67.80873291204298, 13.500707556072395, 16.409087482749637))","('boat', 5.092502838617766e-12, (9.079932443517338e-10, 3.737706001273225e-09, 6.28386396899889e-10, 2.7556180108829566e-10))","('bench', 1, (888.2905763511326, 303.4343427913803, 118.03703037763201, 39.2209783346237))","('bench', 0.5062467337759626, (1713.7085285733242, 354.7576804865282, 60.49217355502334, 68.69420173663741))","('backpack', 0.5904669053377156, (1152.51010938666, 406.5159984299734, 106.12253236094563, 64.27363566221402))","('handbag', 0.022375814096439336, (118.9185638581958, 43.2333844132059, 11.237054081067594, 6.8419194912537336))","('suitcase', 0.2219165526734639, (1044.3943804797727, 365.45540700531626, 93.82025423890761, 58.27774375606573))","(13, 0.134017214179039, (1466.7127685546875, 304.3019714355469, 41.143898010253906, 43.84675216674805))"
"('person', 0.06094923450602657, (399.47094002598794, 93.52337687188006, 22.19518922126906, 23.904089379403814))","('person', 0.04161969907886126, (245.8944666073391, 69.5481596748864, 21.34355209314733, 17.40895072252917))","('bicycle', 1, (1047.131633388688, 301.0784635348731, 97.49758123778251, 68.79443602750284))","('bicycle', 0.01949059264158645, (115.58434755355034, 25.900631238336786, 5.156811414247127, 6.267713694039907))","('boat', 2.0699592024638913e-12, (3.4682255778707377e-10, 1.4276766525319142e-09, 2.40022245547676e-10, 1.0525524201459117e-10))","('bench', 1, (903.1132349970488, 305.10146794964834, 120.63952983271548, 38.59445424222357))","('bench', 0.4422114234740526, (1570.8997700233085, 325.7970510017883, 49.547635393407965, 56.73910483339862))","('backpack', 0.673376516157715, (1180.4423761899852, 410.1917616770071, 108.81193852675415, 66.3031818501156))","('handbag', 0.009095139221192358, (45.42284950050596, 16.513683397154722, 4.292172725547104, 2.6133806973685365))","('suitcase', 0.28004633288418695, (1139.1453576179968, 392.74593172716806, 104.26838040243031, 64.61071817073663))","(13, 0.12683755159378052, (1893.7216796875, 381.7804870605469, 52.041378021240234, 85.50518035888672))"
"('person', 0.02477414993118062, (152.58432157205658, 35.72275122239236, 8.47780789578947, 9.130549672816874))","('person', 0.01691723732753979, (93.92332859847747, 26.565033140801766, 8.152511458928318, 6.649627467534103))","('bicycle', 1, (1063.131071202662, 306.0138336152821, 95.83348884964707, 71.73738570797987))","('bicycle', 0.00792237783236611, (44.14929219797547, 9.893160802967373, 1.9697266866689884, 2.394053599370085))","('boat', 8.413802084453886e-13, (1.3247442900948766e-10, 5.453239563225175e-10, 9.16803397431391e-11, 4.020392495547787e-11))","('bench', 0.8506202258793438, (917.8757922891002, 311.08929942167737, 117.81506539867205, 39.42649435159483))","('bench', 0.25946712949473194, (1528.7447462543057, 315.41258443078954, 40.17866616206856, 45.32275522581027))","('backpack', 0.43213742757854473, (1203.2305759240285, 417.11745512695745, 110.03612221980633, 68.87868661395277))","('handbag', 0.15356890541938767, (769.5858472667894, 266.82495021135287, 70.0871762960123, 45.350724142499985))","('suitcase', 0.4049293194346918, (1187.3355067491436, 409.63789396069495, 108.24506851797238, 67.27138272672038))","(13, 0.10299880057573318, (313.213134765625, 394.534423828125, 60.079185485839844, 26.63839340209961))"
"('person', 0.2067000575678036, (733.7188974465172, 213.3728404739697, 58.35913612250547, 46.761774066625534))","('person', 0.16172551314559916, (579.8579305916434, 210.9004348757862, 20.164958976053974, 33.200067776345875))","('bicycle', 1, (1080.129245172101, 320.64590358773506, 95.53349655805509, 64.55501747895558))","('bicycle', 0.003220223811196395, (16.863529040376076, 3.778851170565334, 0.7523686457598391, 0.9144471040703486))","('boat', 3.419973950795557e-13, (5.0600729241389216e-11, 2.0829521643563857e-10, 3.5018773681741324e-11, 1.535653285184244e-11))","('bench', 0.9384484538919958, (935.1112149301173, 322.69691275351533, 113.70660839275297, 41.29048193986471))","('bench', 0.10546609191096482, (583.9285329463112, 120.47688677311567, 15.346884851274897, 17.311752032467606))","('backpack', 0.3080639724190724, (1223.3470879903039, 430.41409300684734, 114.27681364287092, 70.64822944888978))","('handbag', 0.062421441687688775, (293.95563639502814, 101.91806193423835, 26.770919169570732, 17.32243520801456))","('suitcase', 0.16459238171751045, (453.5218075285926, 156.46775241306017, 41.345937059304234, 25.695381731404602))","(0, 0.16423022747039795, (1351.6400146484375, 306.9157409667969, 54.202293395996094, 70.0325698852539))"
"('person', 0.08401776098536715, (280.2556806364711, 81.50117278494719, 22.291206444715336, 17.861408319207563))","('person', 0.065736873364177, (221.4860208398303, 80.55679788041661, 7.7023289471053396, 12.681297461763979))","('bicycle', 0.9440007736645621, (1098.1682176114527, 337.10785476486404, 98.52722382909462, 61.300275564053536))","('bicycle', 0.0013089304263968894, (6.441294923152762, 1.4433927087286311, 0.28737925061052905, 0.34928771284096083))","('boat', 1.390123241160044e-13, (1.9327758714679995e-11, 7.956169298439821e-11, 1.3375981302084893e-11, 5.865673600049458e-12))","('bench', 0.7488391548554174, (954.5175905023707, 337.66613509362986, 115.29840438757276, 39.46455321358358))","('bench', 0.04286900065003384, (223.04085258462806, 46.01807588855753, 5.861988391756135, 6.612500871592552))","('backpack', 0.1252193420140584, (467.27700757408775, 164.40355429165726, 43.649858685539, 26.98522240447464))","('handbag', 0.02537256075198681, (112.28106191829511, 38.92923559136219, 10.225581212699907, 6.616581481543706))","('suitcase', 0.06690217482217148, (173.2299158366344, 59.765363278485594, 15.792742659940338, 9.814762467493436))"
"('person', 0.03415085725691552, (107.04814446289618, 31.130677880871893, 8.514483211640552, 6.822450890997157))","('person', 0.0267201904983749, (84.60013192784763, 30.769958765463656, 2.942027865262048, 4.843824608946069))","('bicycle', 0.7379646836005593, (1122.7187450830704, 352.3300073414871, 98.26876215019864, 65.1519038256943))","('bicycle', 0.0005320434111413543, (2.4603557290822127, 0.55132695562056, 0.10976910607174811, 0.13341603445253392))","('boat', 0.06656614130899477, (51.974429930817294, 473.72696939138456, 106.92486876192858, 122.23968423556023))","('bench', 0.8405276705084431, (977.828881556508, 353.73614348651904, 112.77312096161388, 38.17697414193378))","('bench', 0.12402131687813772, (1058.2982066545806, 239.88521049601118, 22.476977485875445, 32.897925522043245))","('backpack', 0.16628092773344422, (975.8887071236002, 354.14770765215275, 88.17998144888843, 53.96574500106969))","('handbag', 0.010313232468006743, (42.88754935985726, 14.869644839848242, 3.905824468528996, 2.52730923661656))","('suitcase', 0.12637265308034626, (864.677191184934, 314.7442952285924, 78.11317367589908, 50.27161787194983))","('bottle', 0.11500571323285286, (27.05701083540449, 449.9830890299816, 18.249300471525594, 18.172830129110366))","(13, 0.13869693875312805, (382.3705749511719, 429.0918884277344, 52.26227569580078, 25.390962600708008))"
"('person', 0.14775942623408164, (627.8784314393816, 228.65506682036704, 18.281149809040812, 32.04909498867373))","('person', 0.010861006064497709, (32.31437494371262, 11.753078415974361, 1.123754648680806, 1.8501763650742302))","('bicycle', 0.2999618922798577, (428.840400815104, 134.57808754794806, 37.535327108996675, 24.885812829650916))","('bicycle', 0.00021626068554165965, (0.939772264093877, 0.21058815813304904, 0.04192806760471532, 0.050960390516640974))","('boat', 0.027057264598887285, (19.852465687672357, 180.9476009200278, 40.841665624434825, 46.6914046039293))","('bench', 0.41251064367881596, (1004.0870451202424, 355.09149601781024, 113.9052818300889, 39.776603165518324))","('bench', 0.05041117782533658, (404.2339447089896, 91.62799701105322, 8.585441435238259, 12.56588939005789))","('backpack', 0.06758852129565024, (372.7563168840236, 135.27238728526112, 33.68175578614017, 20.613080362198886))","('handbag', 0.004192038989632517, (16.381586161276676, 5.679698928182541, 1.4918921928870823, 0.9653462283059755))","('suitcase', 0.12276935181544885, (1149.0899969818774, 406.6169741005969, 101.09049451601938, 63.704697813224904))","('bottle', 0.04674658846275319, (10.334858505150326, 171.878245646783, 6.970612509213293, 6.94140343754202))"
"('person', 0.2848239467425051, (984.64744611149, 287.7932035275684, 59.34426376852379, 56.639493977859686))","('person', 0.12909101701445275, (769.7609588519967, 194.76816149642968, 15.330732601271881, 27.63652695939715))","('bicycle', 0.6871238674813586, (909.3673867383857, 258.4210808306716, 73.50663670928549, 43.69637475709021))","('bicycle', 8.790388741140338e-05, (0.35896106319941856, 0.08043751877858712, 0.016015096742397858, 0.019465137097389035))","('boat', 0.010998017207815444, (7.582967132199785, 69.11583336869887, 15.600128111375902, 17.834529576227666))","('bench', 0.5794324524493417, (1033.9373830978666, 340.6172263819451, 117.37340960321595, 39.20664358416428))","('bench', 0.13895121067631308, (432.7139708121423, 279.8169979007515, 32.39843889217708, 21.107946428492255))","('backpack', 0.027472833314086433, (142.3802435284707, 51.66945420363062, 12.865285909532108, 7.87349608552698))","('handbag', 0.0017039459689398057, (6.257209123972773, 2.1694519446993823, 0.5698521101322512, 0.3687294483013668))","('suitcase', 0.04990228923267365, (438.91332271456304, 155.3138637037923, 38.61313296558455, 24.33302932161081))","('bottle', 0.019001173693706255, (3.9475646800464936, 65.65164791036744, 2.662537056114288, 2.651380183515693))","(0, 0.12742926180362701, (1223.5458984375, 319.27874755859375, 40.38700866699219, 65.49372863769531))"
"('person', 0.11577292508721684, (376.1018574788086, 109.92722201631497, 22.66749172223716, 21.63436159394741))","('person', 0.05247186837052753, (294.02252306875346, 74.39481776530755, 5.855818781249768, 10.556213967486922))","('bicycle', 0.2792965301736917, (347.3474334733929, 98.70806946783262, 28.077036824256332, 16.69052997205553))","('bicycle', 3.573045837103e-05, (0.1371109255043788, 0.030724398202712347, 0.006117222622478262, 0.007435020775526139))","('train', 0.1099805314367154, (865.82951415028, 269.23238111161515, 74.9498992099018, 45.61225881022059))","('boat', 0.004470384730183661, (2.896435708927, 26.399899186068822, 5.958718709692889, 6.812184124753708))","('bench', 0.4252863030255283, (1059.613987016999, 327.83757793418596, 126.14236308941224, 38.50991395972317))","('bench', 0.05647975982493539, (165.28202944330837, 106.88058256812909, 12.375102474375154, 8.062518102972088))","('backpack', 0.011166934204730868, (54.38441370138854, 19.735975325630765, 4.91410194245616, 3.007407894382057))","('handbag', 0.0006926061213282596, (2.3900412106416447, 0.8286569059156066, 0.21766413750967162, 0.1408421165981249))","('suitcase', 0.29255857484159203, (1033.714193193333, 328.67536351271815, 89.89104331934497, 52.58602733605599))","('bottle', 0.007723442792538076, (1.5078355349891566, 25.076698084319347, 1.0169986591295717, 1.0127371130050609))"
"('person', 0.04705843850751647, (143.65812632493603, 41.98846252137656, 8.658211398187703, 8.263590803982558))","('person', 0.0213283389810595, (112.30661035426377, 28.41629179949298, 2.236723742477426, 4.032114943063626))","('bicycle', 0.11352618568322423, (132.67491368179313, 37.70312757282631, 10.724473763483509, 6.375215159076378))","('bicycle', 1.4523426585549297e-05, (0.052371713313717885, 0.011735675829549933, 0.002336571125036929, 0.002839925229189382))","('train', 0.27775259932575985, (1227.365612453568, 372.3580852592266, 104.26073266238645, 64.3249410213092))","('boat', 0.09327544955603476, (88.03715308847973, 461.665718272029, 177.26765179582202, 138.06913006225167))","('bench', 0.17286692310778995, (404.73652808570375, 125.22281198141647, 48.182095278925274, 14.709478228780199))","('bench', 0.02295743415516837, (63.13211751778293, 40.82474980363578, 4.7268685309483836, 3.079607880424013))","('backpack', 0.004539044739475388, (20.772997575694944, 7.538471773261678, 1.877019917836373, 1.1487275976191917))","('handbag', 0.0002815249122012049, (0.9129145079521612, 0.3165187730474379, 0.08314030239676365, 0.05379690149300799))","('suitcase', 0.11891683391136712, (394.8436871466779, 125.54281759713129, 34.3353232638006, 20.086075109042298))","('bottle', 0.003139362311569557, (0.5759419249209764, 9.578446342590613, 0.3884589212744277, 0.38683115549949))"
"('person', 0.019127931967663686, (54.872521495999536, 16.038165547814735, 3.3071424723259524, 3.156410818000267))","('person', 0.008669370041843028, (42.89730799403789, 10.854057633171404, 0.8543524461825096, 1.540130861703958))","('bicycle', 0.04614520211821775, (50.67730757198652, 14.401313250646322, 4.096384466194199, 2.4351155051736084))","('bicycle', 5.903364507544649e-06, (0.020004214436774845, 0.004482629285937456, 0.0008924907526325263, 0.0010847549120420088))","('car', 0.0718889159679404, (520.0832779251994, 249.952555203824, 81.09877911530741, 30.41169324158037))","('train', 0.11289862120895253, (468.8119473344317, 142.22813258319334, 39.8240561850653, 24.56994114580774))","('truck', 0.40722307406497327, (938.5528543258514, 269.8654259797687, 78.03123282175036, 53.238663941782484))","('boat', 0.10500878478200823, (972.5257807336789, 445.7401693204979, 146.79045626786092, 107.79085404265716))","('bench', 0.07026554321680281, (154.5955972401124, 47.83085801006352, 18.403922747363605, 5.618520726617433))","('bench', 0.009331551419880603, (24.11432311004043, 15.593666842778273, 1.8055031184699981, 1.1763055382999508))","('backpack', 0.0018449940484319117, (7.934579025696301, 2.8794399941542697, 0.7169578110529593, 0.4387748984755184))","('handbag', 0.0001144319603151944, (0.34870231321483935, 0.12089941322670714, 0.031756769680619364, 0.020548587880899083))","('suitcase', 0.04833634903766036, (150.81686824670095, 47.95308927867575, 13.114926472056858, 7.672197991070906))","('bottle', 0.0012760625006279888, (0.21999023977377286, 3.658640943452494, 0.14837810469371174, 0.14775635349340935))"
"('person', 0.0077749664664527735, (20.959438163062593, 6.126034122067651, 1.263216018790155, 1.2056416500182434))","('person', 0.0035238551388905148, (16.3853136278499, 4.145881100021238, 0.32633359607010326, 0.5882776420482481))","('bicycle', 0.018756727055666653, (19.35700903416644, 5.5008121791126605, 1.5646796350990892, 0.9301313564444478))","('bicycle', 2.3995516694120305e-06, (0.007640929996606656, 0.001712212028262437, 0.00034090113286065033, 0.0004143395069366447))","('car', 0.22924114386544087, (750.8562126355191, 336.4470581024681, 120.51318957627682, 42.9358712953109))","('train', 0.04589011480657067, (179.07022954972723, 54.32631249035347, 15.211435892809472, 9.384882416114019))","('truck', 0.16552472847422506, (358.49529011424636, 103.07942033580272, 29.80527875385227, 20.335360110127453))","('boat', 0.0426831181616123, (371.4717933047376, 170.25759452929702, 56.06896507021783, 41.17244256791602))","('fire hydrant', 0.21606197656953002, (989.4647500132409, 337.2391487064328, 285.04893919234274, 179.20860050256593))","('bench', 0.02856096744704479, (59.050263634633495, 18.2697620487741, 7.029672963165552, 2.1460839510721033))","('bench', 0.003793013248489357, (9.210851812338372, 5.956250724699036, 0.6896408244616112, 0.44930873447583997))","('backpack', 0.0007499381993627588, (3.0307395013939615, 1.0998482092011324, 0.2738535153225054, 0.1675970978073636))","('umbrella', 0.12040715031443204, (25.619621682396172, 358.6041149666516, 49.471052887821166, 93.53373311661441))","('handbag', 4.651337403568572e-05, (0.133192431692357, 0.04617946663268352, 0.012130006645094452, 0.007848862149689273))","('suitcase', 0.01964736666325923, (57.606917593424996, 18.316450238895953, 5.009456152369971, 2.9305188641704234))","('bottle', 0.000518683523564011, (0.08402879440034225, 1.3974764877668706, 0.05667539280670757, 0.0564379049807381))"
"('person', 0.003160305236167598, (8.00579299318825, 2.33993681838822, 0.4825055840445134, 0.4605141320544637))","('person', 0.0014323480229764454, (6.258632889511816, 1.58358566689231, 0.12464834202780031, 0.22470206444078644))","('bicycle', 0.007624082108026649, (7.393719530512804, 2.101123286691662, 0.597654439103069, 0.35527856415973547))","('bicycle', 9.753502781031708e-07, (0.0029185755530451232, 0.0006540067988498554, 0.00013021264594942475, 0.0001582636087679254))","('car', 0.0931800787088839, (286.80155256275, 128.51134078023208, 46.0319423254782, 16.40004349821779))","('train', 0.01865304123655006, (68.39874131475001, 20.750804887867076, 5.810251493363115, 3.584706102534321))","('truck', 0.0672811475611386, (136.9330160168879, 39.37283502763953, 11.384603439806455, 7.767416388599882))","('boat', 0.01734948728128035, (141.88959918053413, 65.0326142673933, 21.416438942792574, 15.726473661090917))","('fire hydrant', 0.21220590814205562, (1406.8543319988396, 491.19143251204343, 415.0122444410323, 259.56247926662576))","('bench', 0.01160923013139226, (22.55519366378809, 6.978428136258792, 2.6850961421330526, 0.8197311265988769))","('bench', 0.0015417532257888866, (3.5182323269746894, 2.2750853313188384, 0.26341935491483554, 0.17162066512756918))","('backpack', 0.0003048287897413303, (1.157639478485584, 0.42010463344912763, 0.10460273491455693, 0.06401639494657241))","('umbrella', 0.04894212074773453, (9.785824703761573, 136.974583411686, 18.896260743904044, 35.72670695588507))","('handbag', 1.890637858710467e-05, (0.05087498186223169, 0.017638986671343445, 0.004633250254663998, 0.002997998568168737))","('suitcase', 0.007986102063682773, (22.003884533574052, 6.996261438012121, 1.9134419850530566, 1.1193586014403651))","('bottle', 0.00021083026692217573, (0.03209614342725389, 0.5337885198481178, 0.02164807372641099, 0.02155736144880497))"
"('person', 0.0012845752105610066, (3.057940816502155, 0.8937763330970101, 0.18430073334338515, 0.17590074614514767))","('person', 0.0005822091936419625, (2.390585040685548, 0.6048759006556933, 0.04761143001329772, 0.08582855127411126))","('bicycle', 0.0030989749873430745, (2.8241495573719755, 0.8025576809623252, 0.22828368221011813, 0.1357043360347587))","('bicycle', 3.9645246115039257e-07, (0.0011147966625287152, 0.00024980836828712906, 4.973680498762392e-05, 6.0451319367131625e-05))","('car', 0.11510045924130677, (712.3146243917696, 281.4931492205841, 103.13381500039696, 33.282456779535025))","('train', 0.007581936738206169, (26.125994394522834, 7.926102173247772, 2.2193185872798753, 1.369235891488945))","('truck', 0.027347894534372225, (52.303757936417426, 15.039084747115893, 4.3485315655670975, 2.966889055672193))","('boat', 0.007052078711391376, (54.1970042368648, 24.840248272882896, 8.180351758159897, 6.006978415356734))","('fire hydrant', 0.31022717175875725, (1577.9220998309922, 551.409096028056, 450.5669615028393, 293.57384477205323))","('bench', 0.004718825596279692, (8.615317356730781, 2.6655223600022753, 1.0256154632336074, 0.31310942872452796))","('bench', 0.000626679332105451, (1.3438451685856978, 0.8690052692574806, 0.10061724028289551, 0.06555326090686761))","('backpack', 0.00012390433122905478, (0.4421789340627903, 0.16046569114625076, 0.03995468942116541, 0.024452087032353645))","('umbrella', 0.019893595829073636, (3.7378524288885497, 52.319635268406515, 7.217729343890971, 13.646387751040805))","('handbag', 7.684911247347664e-06, (0.01943251389433808, 0.0067374933813468246, 0.0017697441188975409, 0.0011451335548169387))","('suitcase', 0.0032461259192980508, (8.40473600729716, 2.672334075140414, 0.7308698027891993, 0.42755694015067247))","('bottle', 8.5696574946226e-05, (0.012259635881419446, 0.2038890717774831, 0.008268828372525405, 0.008234179365676822))"
"('person', 0.0005221437007739539, (1.1680294563182176, 0.3413921809028102, 0.07039661598564208, 0.06718810638097936))","('person', 0.00023665166546384684, (0.9131222325448289, 0.23104203507477, 0.01818594801209287, 0.03278358938154741))","('bicycle', 0.0012596461890234984, (1.0787291416031233, 0.30654975619531377, 0.08719660752728539, 0.05183444394454069))","('bicycle', 1.6114677719462127e-07, (0.0004258144345410228, 9.541830601153192e-05, 1.899776901344704e-05, 2.3090349333469498e-05))","('car', 0.0467851000509272, (272.0799758340411, 107.52081540201712, 39.393611940707885, 12.712767260683012))","('train', 0.0030818440796409547, (9.979241868818491, 3.027501631876241, 0.8477042684765121, 0.5230015719325141))","('truck', 0.011116150104061771, (19.978257792364396, 5.744419213708154, 1.6609912568948393, 1.1332507784166985))","('boat', 0.002866471691374926, (20.701413530060293, 9.488130551255392, 3.12461633168712, 2.2944615849792886))","('fire hydrant', 0.29769062111693523, (1656.1373511171541, 583.402303024057, 437.31281833965306, 321.91091919859764))","('bench', 0.10810964046495025, (849.1492418985653, 181.3965176623119, 79.90644004869286, 28.45043561582894))","('bench', 0.0002547275262467397, (0.5133031787824041, 0.3319304764536034, 0.03843236593385099, 0.02503911759303367))","('backpack', 5.036362644862665e-05, (0.16889732370278726, 0.061292439989624706, 0.01526133334893932, 0.00933986615048854))","('umbrella', 0.008086187295609885, (1.4277325829040763, 19.98432239353356, 2.756927287768872, 5.212456297237349))","('handbag', 3.1237003219586313e-06, (0.007422559820782564, 0.0025734934726970296, 0.0006759821020286255, 0.0004374020962820797))","('suitcase', 0.1398374323246731, (1077.269610093632, 295.86228606762427, 86.6246341278086, 52.82760515678411))","('bottle', 3.48332479236722e-05, (0.0046827642170044525, 0.0778786954843316, 0.003158411391165227, 0.0031451766482254962))"
"('person', 0.00021223673165766152, (0.4461475524524985, 0.1304002096114207, 0.02688911461354109, 0.025663572997790422))","('person', 9.619224735439837e-05, (0.34878165694893926, 0.08825020456861676, 0.006946414022980891, 0.012522216870530962))","('bicycle', 0.0005120107545242879, (0.4120378674373948, 0.11709158762361618, 0.03330614037173809, 0.01979899579886337))","('bicycle', 6.550163347418833e-08, (0.00016264664109435345, 3.644654974746678e-05, 7.256502052717209e-06, 8.819728633276868e-06))","('car', 0.01901682757135121, (103.92530311035367, 41.069296985467346, 15.0470208217267, 4.855845002514015))","('train', 0.0012526829567645675, (3.811731211932644, 1.1564027223809519, 0.3237942181496616, 0.19976882430859733))","('truck', 0.004518402430604848, (7.631015440675759, 2.1941728940085685, 0.6344422051174203, 0.43286327957790305))","('boat', 0.0011651401372167443, (7.9072363533160885, 3.6241433808832824, 1.1934972369014647, 0.876406339581133))","('fire hydrant', 0.22291136018573926, (1700.6512791769628, 599.6374056261238, 411.11053046568435, 324.92966290636724))","('bench', 0.17569342009610894, (804.3551147339749, 252.6615405623595, 68.28849824563763, 23.278649391861034))","('bench', 0.08775436826036913, (866.5257689683867, 180.48066696521883, 81.46250822858778, 26.50271192295531))","('backpack', 2.0471397923674955e-05, (0.06451303704557149, 0.023411628822623383, 0.00582931062565256, 0.003567511419111982))","('umbrella', 0.0032868077516747, (0.5453453198236801, 7.633331912194167, 1.0530525194156466, 1.9909811406712423))","('handbag', 1.269696342267078e-06, (0.0028351655680096113, 0.0009829870367442657, 0.00025820218718833565, 0.00016707273402930038))","('suitcase', 0.056839984004396715, (411.48037600842065, 113.00933728858797, 33.08766597379878, 20.178349625632308))","('bottle', 1.4158735768300953e-05, (0.0017886567695939125, 0.02974701467551171, 0.001206405800970277, 0.0012013505789996678))"
"('person', 8.626826331134237e-05, (0.17041320103927787, 0.04980844793145199, 0.0102707278549812, 0.00980261261239191))","('person', 3.9099443618761815e-05, (0.13322273830198883, 0.033708578631080344, 0.0026532940568498066, 0.004783061230045485))","('bicycle', 0.370732900619199, (984.9988116572946, 196.30660744608446, 65.24282568058325, 54.54181946482461))","('bicycle', 2.6624572098051963e-08, (6.212548874203762e-05, 1.392134323086841e-05, 2.7717371447045926e-06, 3.368836566361106e-06))","('car', 0.007729805653612927, (39.69593349701994, 15.68707555438493, 5.747450524472226, 1.854767746859035))","('train', 0.0005091803964174715, (1.455951766979441, 0.44170653526661485, 0.12367838597247263, 0.07630490099327795))","('truck', 0.0018366035303387942, (2.914788529662882, 0.8380994683175524, 0.24233535845742205, 0.16533906031701068))","('boat', 0.00047359670197974046, (3.0202955298879735, 1.3842995913944578, 0.45587537901727426, 0.3347574337641105))","('fire hydrant', 0.09060719963691849, (649.5909856346134, 229.04110802337186, 157.03024950489225, 124.11208727718633))","('bench', 0.20084616426959184, (1191.4279859691378, 278.6389009045983, 113.16506857128172, 39.07404234120533))","('bench', 0.035669683040620584, (330.9833916182848, 68.93748046846325, 31.11590933450254, 10.12313516052184))","('backpack', 8.321047599241555e-06, (0.024641787433927205, 0.008942446478245448, 0.0022265985280183627, 0.0013626681068474055))","('umbrella', 0.0013359949258575877, (0.20830337656696396, 2.915673343048944, 0.40223027047806836, 0.7604871247763789))","('handbag', 5.160958592069917e-07, (0.0010829368832462698, 0.00037546763753576766, 9.862445953638156e-05, 6.381610580582157e-05))","('suitcase', 0.13653920708232278, (1277.7623192312196, 354.78050851814237, 99.07616403665374, 61.20979719705812))","('bottle', 5.755127945457197e-06, (0.000683206091777285, 0.011362348542203547, 0.00046080601174560494, 0.0004588750887735074))"
"('person', 3.506562316818661e-05, (0.06509205066533523, 0.019025134182935267, 0.003923068951402517, 0.00374426483938531))","('person', 1.5892824352718807e-05, (0.050886557957027276, 0.012875531324624288, 0.0010134681475685303, 0.0018269668196054952))","('bicycle', 0.6762851863851993, (1373.6575785685654, 276.3414339205024, 94.36646724918248, 75.21133248809383))","('bicycle', 1.0822139873560627e-08, (2.3729825131759423e-05, 5.3174799451384584e-06, 1.0587093813965687e-06, 1.2867810658064515e-06))","('car', 0.003141948635672513, (15.162497380706142, 5.991929677687443, 2.1953307516899807, 0.7084582380630902))","('train', 0.00020696751296551751, (0.5561240890056796, 0.16871688341889274, 0.047240939767756326, 0.02914587867123656))","('truck', 0.0007465276896996946, (1.1133501483128898, 0.32012551094408936, 0.09256387025484591, 0.06315390137312911))","('boat', 0.00019250374179184508, (1.1536502363478318, 0.5287553933000914, 0.1741289001503581, 0.12786596171119854))","('fire hydrant', 0.036829278773427065, (248.12167772687758, 87.4859184439918, 59.980218048992484, 47.40659892519179))","('bench', 0.6399958799612054, (1350.0701939521848, 293.1116871774686, 121.17369047566761, 46.34191176048905))","('bench', 0.014498723122743196, (126.42440588646772, 26.331774440170932, 11.885219774919847, 3.86669355861022))","('backpack', 3.3822718608175026e-06, (0.009412325256210137, 0.0034157106121129634, 0.0008504849584025293, 0.0005204929014302355))","('umbrella', 0.0005430443691170513, (0.07956480987721185, 1.1136881169526645, 0.15363829201855866, 0.29048023365789444))","('handbag', 2.0977845412629835e-07, (0.0004136450817291984, 0.0001434158758630374, 3.767119142080905e-05, 2.4375583388164338e-05))","('suitcase', 0.055499348189639905, (488.06177640243243, 135.51409570795877, 37.843727187041736, 23.380062084788158))","('bottle', 2.3392976753430127e-06, (0.0002609615057379428, 0.004340030951098936, 0.00017601223426653778, 0.00017527468732085448))"
"('person', 1.4253189770792576e-05, (0.024862950956727844, 0.007266954617353811, 0.0014984789992263515, 0.0014301819057640224))","('person', 6.45998619236543e-06, (0.019436935569093004, 0.004918015342792521, 0.00038711038585578447, 0.0006978392287710013))","('bicycle', 0.9083302034675513, (1530.4263428789434, 319.1733823253993, 109.0501517469682, 83.31672541007201))","('bicycle', 4.398895539488504e-09, (9.063986653240647e-06, 2.0310966045469646e-06, 4.043909994851136e-07, 4.915066310582493e-07))","('car', 0.0012771137686482777, (5.791558645098492, 2.2887134786774004, 0.8385417305977168, 0.2706069673302359))","('train', 8.412647408367869e-05, (0.21242050003759783, 0.06444411499006346, 0.01804443333079635, 0.011132735020431741))","('truck', 0.0003034425134669968, (0.4252619152757875, 0.12227706451471568, 0.03535625230711574, 0.024122643802376664))","('boat', 7.824735782354882e-05, (0.4406551791555223, 0.20196658850581645, 0.0665113214338001, 0.04884045136948517))","('fire hydrant', 0.014970066180239092, (94.77404754601946, 33.41664730860355, 22.91040464208522, 18.107709498389028))","('bench', 0.4681460826537187, (1422.8850619591828, 307.7029308978114, 122.21141742104878, 51.39792951617635))","('bench', 0.005893323244576577, (48.28982604111839, 10.05784285204956, 4.539749990257006, 1.4769455153088202))","('backpack', 1.3747984017686188e-06, (0.0035951883347032096, 0.0013046853580934437, 0.0003248563471892257, 0.00019881059744330116))","('umbrella', 0.00022073226561129263, (0.030391053064671575, 0.4253910078090498, 0.05868460557760771, 0.11095357619730448))","('handbag', 8.526904262173024e-08, (0.00015799836194132567, 5.477999005334462e-05, 1.4389114726045613e-05, 9.310644358671455e-06))","('suitcase', 0.022558924394644915, (186.42300997607776, 51.761778605733994, 14.455017524471494, 8.93038905730635))","('bottle', 9.508587238594385e-07, (9.96784254365434e-05, 0.0016577443110932606, 6.72306910540085e-05, 6.694897318905615e-05))"
"('person', 5.793520841418775e-06, (0.00949680220484832, 0.0027757296691261688, 0.0005723680462765388, 0.0005462808779067573))","('person', 2.625802732062093e-06, (0.007424248750251746, 0.0018785147037532778, 0.0001478630099988231, 0.00026655086670750893))","('bicycle', 0.8706276502389796, (1605.2889730650895, 347.3708374905509, 113.04804265660223, 92.96544423699342))","('bicycle', 1.7880273396397486e-09, (3.4621348279625196e-06, 7.758098685024361e-07, 1.5446361705877214e-07, 1.8773882736829648e-07))","('car', 0.0005191108344525491, (2.212178554589334, 0.8742107583447591, 0.3202944401031701, 0.10336266392761773))","('train', 3.41950460743614e-05, (0.08113741110711403, 0.024615461551297645, 0.006892360224632731, 0.004252326390058669))","('truck', 0.00012334084890569628, (0.16243559751447267, 0.04670568260005771, 0.013504886666501324, 0.009214030034000883))","('boat', 3.180535063566156e-05, (0.16831530111873533, 0.07714437221735804, 0.025405064151042246, 0.018655392397256984))","('fire hydrant', 0.006084910943258335, (36.200464911180866, 12.764023481818857, 8.750995877263183, 6.916529569975298))","('bench', 0.6004237826099752, (1461.5973397633638, 324.3349429798746, 125.94351385096496, 53.89304550966331))","('bench', 0.23586772791772653, (546.3775801207298, 184.84703155558438, 34.96954917426782, 17.19292313646876))","('backpack', 5.588168909192043e-07, (0.0013732397478994928, 0.0004983454621673677, 0.00012408408316514784, 7.593889089966809e-05))","('umbrella', 8.972145896865422e-05, (0.011608349316802883, 0.16248490647448505, 0.022415524714264487, 0.04238049493401899))","('handbag', 3.465946805599499e-08, (6.035000409477858e-05, 2.0924094296996472e-05, 5.496152757327791e-06, 3.5563496878500286e-06))","('suitcase', 0.009169568408342193, (71.20725352580098, 19.77124010924324, 5.5213253863727445, 3.4111050871308928))","('bottle', 3.864973330540443e-07, (3.80737705716875e-05, 0.0006332019821808461, 2.5679838895487746e-05, 2.557223224631401e-05))"
"('person', 0.1084359276722026, (446.8025963289554, 170.48431038887634, 15.226526965398325, 53.00702026745168))","('person', 1.0673149728792367e-06, (0.0028358106816622373, 0.0007175287684673124, 5.6478644140684866e-05, 0.00010181337135152562))","('bicycle', 0.35388565772912617, (613.1658259454497, 132.6838532208742, 43.18050993317409, 35.50963991929844))","('bicycle', 7.267828341454417e-10, (1.3224178306469124e-06, 2.96333000960344e-07, 5.899985169120288e-08, 7.170985104664027e-08))","('car', 0.00021100395678236294, (0.8449770186695109, 0.33391879635687716, 0.12234158971179357, 0.03948102445261727))","('train', 1.3899324662824e-05, (0.03099173328374432, 0.009402269663829486, 0.002632647343101842, 0.0016242441497442686))","('truck', 5.013458672933251e-05, (0.06204487726763061, 0.01783998328545748, 0.005158407692388239, 0.003519446299625988))","('boat', 1.2927980665347634e-05, (0.06429072420068369, 0.02946652814625768, 0.009703871019326644, 0.007125725822285786))","('fire hydrant', 0.0024733451904348017, (13.827347187523145, 4.875423136853027, 3.342582989704332, 2.641879211536869))","('bench', 0.3255659860513985, (1097.5617533379443, 314.77577614062284, 71.08833989769795, 37.98210057357013))","('bench', 0.09587359878626342, (208.69766491519988, 70.60528333470887, 13.357179213309486, 6.567112272166618))","('backpack', 2.2714335219976678e-07, (0.0005245309089952692, 0.0001903510284086596, 4.739590230621784e-05, 2.9006075255703124e-05))","('umbrella', 3.646925009884949e-05, (0.00443399488573708, 0.06206371161440544, 0.008561968565185757, 0.01618790860475252))","('handbag', 1.408809913878873e-08, (2.3051650343010083e-05, 7.992292837644815e-06, 2.099343545937763e-06, 1.3584047048786316e-06))","('suitcase', 0.0037271717092693703, (27.19875060132518, 7.551941721995734, 2.1089586346467426, 1.3029262040863294))","('bottle', 1.5710029756215508e-07, (1.4542886278519108e-05, 0.0002418616354492779, 9.80882563245476e-06, 9.767723549885876e-06))","('diningtable', 0.0847771129212679, (205.2500212643773, 366.00504417773413, 221.95577535602865, 103.43750711379522))"
"('person', 0.1345497165603485, (587.9422068680033, 251.06746249562957, 30.168064741999096, 64.0911039481519))","('person', 0.07218814482085555, (457.9807778328468, 186.81211329516114, 15.444602399854283, 55.93616053427771))","('bicycle', 0.4426274087509856, (1281.4554673714147, 324.97846940849445, 90.66241304434509, 68.59629205658175))","('bicycle', 2.954167849105176e-10, (5.051186639782181e-07, 1.1318913437859618e-07, 2.2535938014836534e-08, 2.7390725771624355e-08))","('car', 8.576717499022459e-05, (0.32275250141919865, 0.1275456307258725, 0.04673032903221068, 0.01508040943023408))","('train', 5.649684625734061e-06, (0.011837788744118938, 0.003591347440190815, 0.0010055818046727975, 0.0006204060591741367))","('truck', 2.0378299718390237e-05, (0.023699034288419185, 0.006814267256314739, 0.001970336410663395, 0.0013443088648770808))","('boat', 5.254860605001655e-06, (0.02455687148331575, 0.011255212221414998, 0.0037065489069376895, 0.0027217850696003767))","('fire hydrant', 0.0010053452693214297, (5.2815766513885745, 1.8622459287402262, 1.2767530918498147, 1.0091080646353106))","('bench', 0.36740686980137194, (1362.113396799463, 369.6160145694451, 107.27479346937064, 51.84516477737888))","('bench', 0.14998414047248027, (631.451250936675, 234.3513681624513, 31.69340866137179, 20.043840854347813))","('backpack', 9.232738538679383e-08, (0.00020035297908631484, 7.270762305861115e-05, 1.8103623753505684e-05, 1.1079334867441295e-05))","('umbrella', 1.4823724648047622e-05, (0.001693635340408358, 0.023706228368731264, 0.003270380981292789, 0.006183230880238574))","('handbag', 5.726416141866029e-09, (8.804946934251678e-06, 3.0527842159379736e-06, 8.018778804854991e-07, 5.188644267858672e-07))","('suitcase', 0.0015149904915633342, (10.388998278174576, 2.88458505674396, 0.805550517567484, 0.4976735251280956))","('bottle', 6.385685329080026e-08, (5.5548882638698286e-06, 9.238292416698769e-05, 3.746638001876534e-06, 3.730938403343625e-06))","('apple', 0.09555829899823158, (126.71079234475515, 371.41329571130314, 20.78318937249123, 17.98023322209757))","('diningtable', 0.034459512465844805, (78.39853193135345, 139.80148682198762, 84.77956218666665, 39.50961200591073))"
"('person', 0.05469067623703022, (224.57393960295536, 95.89923720414097, 11.523175356636326, 24.48062333169144))","('person', 0.02934245093543908, (174.93309093803305, 71.35587776855543, 5.899313174016141, 21.365712123923608))","('bicycle', 0.17991559495242904, (489.4724334664985, 124.13072970212693, 34.62996028085799, 26.2014520633998))","('bicycle', 1.2007861593137543e-10, (1.929381612877421e-07, 4.323440217544452e-08, 8.607962353306723e-09, 1.0462326268232811e-08))","('car', 3.486194485628085e-05, (0.12328048558808519, 0.04871809582074037, 0.017849397384838497, 0.005760203838084982))","('train', 2.296437930946976e-06, (0.004521632948612502, 0.001371772656742961, 0.00038409807091655077, 0.0002369740277781417))","('truck', 8.283205796719501e-06, (0.009052225597626948, 0.0026028184834867383, 0.0007526015396019459, 0.000513480295005255))","('boat', 2.1359530689904407e-06, (0.009379890249263568, 0.004299108517987322, 0.0014157757014864264, 0.0010396293865153456))","('fire hydrant', 0.00040864458161996335, (2.0173827666425805, 0.7113146493676517, 0.4876762858451128, 0.38544498236906277))","('bench', 0.2458910826260553, (1093.6958850609744, 348.7806027073415, 67.17709782072092, 34.734111695287254))","('bench', 0.060964335540540315, (241.19291561917095, 89.51425732801638, 12.105804889303716, 7.6560659412671335))","('backpack', 3.752848590904217e-08, (7.652802826367541e-05, 2.7771840767173868e-05, 6.9149689542992225e-06, 4.231929346620764e-06))","('umbrella', 6.025427225553699e-06, (0.0006469111354879943, 0.009054973491788366, 0.0012491743786926112, 0.0023617840359632047))","('handbag', 2.3276271345605544e-09, (3.363190459744955e-06, 1.1660598101691072e-06, 3.062900955187346e-07, 1.981885754789699e-07))","('suitcase', 0.0006158010332121874, (3.9682442331985524, 1.1018134482361486, 0.3076929180557096, 0.19009437129795764))","('bottle', 2.5956015204805644e-08, (2.1217785130903797e-06, 3.528713705168522e-05, 1.4310883731748435e-06, 1.4250916601450001e-06))","('apple', 0.03884176143863945, (48.39921593426648, 141.8672550881022, 7.93847194566605, 6.867837965191233))","('diningtable', 0.014006822814153864, (29.94557452968307, 53.39941628822875, 32.3829112039713, 15.091328903936986))","('vase', 0.08564064560353495, (246.7228419390059, 358.3477560023771, 23.070547442556297, 32.0247623294356))"
"('person', 0.022230221985804786, (85.77961194086288, 36.63024911679341, 4.401461327909884, 9.350766046922438))","('person', 0.011926881194069806, (66.81849498125239, 27.255520010505165, 2.2533371221941425, 8.160975837493112))","('bicycle', 0.15226638704153428, (1284.8376630372713, 335.394678233136, 84.17504619267949, 49.213513150770886))","('bicycle', 4.88085807594253e-11, (7.36958198850083e-08, 1.651407214773741e-08, 3.287949045083637e-09, 3.996253033074084e-09))","('car', 1.4170400264447192e-05, (0.04708895534505697, 0.018608656736348612, 0.006817863122304818, 0.0022002020840208667))","('train', 9.334374429806032e-07, (0.001727110101718569, 0.0005239705300380685, 0.0001467124080768549, 9.051602416028839e-05))","('truck', 3.3668902322056647e-06, (0.0034576425044616646, 0.000994188194145477, 0.0002874682081424433, 0.00019613202013868451))","('boat', 8.682048594376072e-07, (0.0035827992644749595, 0.001642113332546968, 0.0005407781975215898, 0.0003971030899456604))","('fire hydrant', 0.00016610253132246509, (0.770571648539168, 0.27169801936272897, 0.18627576568552384, 0.14722688247187798))","('bench', 0.09994781061796393, (417.7546547373938, 133.22233561753083, 25.659368101938895, 13.2672500985645))","('bench', 0.024780288077068613, (92.1274959208379, 34.19140382159791, 4.624006006539361, 2.924356969453588))","('backpack', 1.525427421912705e-08, (2.92311057047114e-05, 1.060789924291046e-05, 2.641283109391984e-06, 1.6164531724209966e-06))","('umbrella', 2.449166731872981e-06, (0.0002470980660556255, 0.0034586921066338382, 0.000477142154785045, 0.00090212122765104))","('handbag', 9.46114977207559e-10, (1.2846244449831877e-06, 4.4539521456934866e-07, 1.1699240607070476e-07, 7.570129965104252e-08))","('suitcase', 0.00025030580364493633, (1.515734421421083, 0.4208552879644858, 0.11752823659964484, 0.07260958876577735))","('bottle', 1.0550390296309238e-08, (8.104472754013113e-07, 1.3478486988067997e-05, 5.466271176479969e-07, 5.44336577091376e-07))","('apple', 0.015788083792534845, (18.486855458044296, 54.188469553003586, 3.0322264645069223, 2.623280673476134))","('diningtable', 0.09888823886770433, (248.7898288705583, 377.92602004379535, 249.66859114137907, 102.86238422302701))","('vase', 0.03481051421860419, (94.23973981973222, 136.87666300065388, 8.812164983989542, 12.23237072820714))"
"('person', 0.0977051139218984, (541.6669584076177, 175.49344580557764, 20.623849947982258, 62.01824361331872))","('person', 0.004847941820894361, (25.522394005724138, 10.41068226296008, 0.8606981925662873, 3.1172153885557297))","('bicycle', 0.06189200459397323, (490.7643172542531, 128.1093674392234, 32.15200664101113, 18.797889317804547))","('bicycle', 1.9839315578977074e-11, (2.8149298367282802e-08, 6.307814267767714e-09, 1.2558847819441886e-09, 1.526432830989442e-09))","('car', 5.759869235134429e-06, (0.017986380447085726, 0.007107874388305478, 0.0026041919820759584, 0.000840402413977619))","('train', 3.7941607226408633e-07, (0.000659697356543205, 0.00020013893337124438, 5.6039153314013974e-05, 3.45740447027235e-05))","('truck', 1.3685462022700716e-06, (0.0013207019157580459, 0.000379746098949693, 0.00010980308482538405, 7.491576541079861e-05))","('boat', 3.5290086139736654e-07, (0.0013685075441613108, 0.0006272314796535827, 0.00020655889107834314, 0.0001516798833216356))","('fire hydrant', 6.75160081711032e-05, (0.29433217897492386, 0.1037794087205354, 0.07115101121145874, 0.05623566504657125))","('bench', 0.04062597447877461, (159.56807915120714, 50.88640414525106, 9.80100648509578, 5.067638600406246))","('bench', 0.010072490280389701, (35.18957214334278, 13.059954136777353, 1.7662131303143669, 1.1170049670936324))","('backpack', 6.200433519122039e-09, (1.1165288850458806e-05, 4.051856961557518e-06, 1.0088803738767312e-06, 6.174301706422265e-07))","('umbrella', 9.955174058155123e-07, (9.438306267888226e-05, 0.0013211028281131503, 0.00018225208566252388, 0.00034457964698991577))","('handbag', 3.845691334344481e-10, (4.906828752046083e-07, 1.7012583353893882e-07, 4.4687122693379676e-08, 2.891532347415768e-08))","('suitcase', 0.00010174227056996348, (0.5789590310646969, 0.16075241565730902, 0.044891791743224954, 0.027734394999374412))","('bottle', 4.288436977947501e-09, (3.0956331311355427e-07, 5.148323912518776e-06, 2.0879297976914733e-07, 2.0791807112912823e-07))","('apple', 0.006417412099960435, (7.061350439866414, 20.698153570908545, 1.1582074478547175, 1.0020040552371683))","('diningtable', 0.15727806201783956, (352.50098579367693, 489.63975044974325, 328.4879664032441, 144.46760498925482))","('vase', 0.014149495156463729, (35.99637752019081, 52.28223299958461, 3.3659475094123312, 4.672349855185825))"
"('person', 0.039714381336567114, (206.89836752893433, 67.03253149489298, 7.877609701251471, 23.688861137716657))","('person', 0.0019705520258273632, (9.74868703592004, 3.9765267783750797, 0.3287574555047196, 1.1906703281740785))","('bicycle', 0.025157359461188966, (187.45528872548817, 48.93342408453425, 12.28097373035391, 7.180154802642761))","('bicycle', 8.064123900308976e-12, (1.0752075216840107e-08, 2.409370655565736e-09, 4.797053007489297e-10, 5.830454598942431e-10))","('car', 0.1647082895018302, (830.2631987238608, 244.1794324493098, 42.893049573750716, 32.83347567722389))","('train', 1.542219641764443e-07, (0.0002519819679110464, 7.644627007566477e-05, 2.1405051865187027e-05, 1.3206109947882123e-05))","('truck', 5.562755476352072e-07, (0.0005044632428124731, 0.00014505010270360195, 4.1941046333708894e-05, 2.861527609371134e-05))","('boat', 1.4344427656817696e-07, (0.0005227233680089729, 0.00023958110641378045, 7.889847571343966e-05, 5.7936560019246494e-05))","('fire hydrant', 2.7443358768030747e-05, (0.11242488838560372, 0.03964020679887728, 0.027177267948852404, 0.021480112667835775))","('bench', 0.016513316221189962, (60.94958271622765, 19.436876818222363, 3.7436513533484472, 1.935665702654239))","('bench', 0.004094184060048533, (13.441220509190455, 4.988458588734154, 0.6746333844037409, 0.4266579318273097))","('backpack', 2.520301869022793e-09, (4.2647608466650215e-06, 1.5476716417620954e-06, 3.853580122382098e-07, 2.3583733950568302e-07))","('umbrella', 4.046498314648207e-07, (3.605112198102132e-05, 0.0005046163777056133, 6.961410220252672e-05, 0.0001316177133187074))","('handbag', 1.5631653863785886e-10, (1.874241806306373e-07, 6.498228604746782e-08, 1.706896200943429e-08, 1.104467077143054e-08))","('suitcase', 4.1355371988958936e-05, (0.22114267177300795, 0.061401959007441276, 0.017147138630030038, 0.010593596232345907))","('bottle', 1.7431290404735996e-09, (1.1824266393935168e-07, 1.966484749488332e-06, 7.975182165944508e-08, 7.941763629600875e-08))","('apple', 0.0026084975606850682, (2.69719586155495, 7.905991159722056, 0.44239587905723055, 0.3827314922353712))","('diningtable', 0.06392910954329062, (134.64339550534075, 187.0257424287853, 125.4712382707057, 55.18171483260144))","('vase', 0.08127346108617527, (323.06089869731534, 349.1150382140113, 25.215440383539814, 36.60524196303891))"
"('person', 0.01614277924292732, (79.0281441791853, 25.604148679101314, 3.008979155772156, 9.048339799831258))","('person', 0.000800973986477413, (3.7236671020359884, 1.5188980721651597, 0.12557417394787165, 0.4547955959665064))","('bicycle', 0.010225759194768466, (71.60154892221152, 18.690904814379373, 4.690914550050607, 2.742575090123741))","('bicycle', 3.2778396019086585e-12, (4.106927283237525e-09, 9.20297698929495e-10, 1.8323112030260073e-10, 2.2270354869328718e-10))","('car', 0.1355676633105558, (984.2589981238609, 258.69369947074784, 50.08934698688051, 26.302191843503632))","('train', 6.268689170838743e-08, (9.624854718993437e-05, 2.9199876855749945e-05, 8.17600228154711e-06, 5.044285140922868e-06))","('truck', 2.2611036761752208e-07, (0.0001926878126793736, 5.540420916111292e-05, 1.602005417574263e-05, 1.0930062870335408e-05))","('boat', 5.830606476474072e-08, (0.00019966255986560817, 9.15118395877587e-05, 3.013653606197584e-05, 2.2129796736103895e-05))","('fire hydrant', 1.1154953630584939e-05, (0.04294248618188731, 0.015141211676096451, 0.010380792635098477, 0.008204672956936086))","('bench', 0.07811084172217642, (342.9154868217997, 335.219065665598, 218.43707529205477, 96.28310722469794))","('bench', 0.001664170691749425, (5.134089384228584, 1.9054216294251134, 0.25768702289685574, 0.16296882838829674))","('backpack', 1.0244318387433003e-09, (1.6289936895362594e-06, 5.911579637287692e-07, 1.4719366283789818e-07, 9.008184787482256e-08))","('umbrella', 1.6447877771697354e-07, (1.37703032641817e-05, 0.00019274630500368956, 2.6590220945056285e-05, 5.0273492966206496e-05))","('handbag', 6.353827732741393e-11, (7.158966668730374e-08, 2.482102460346464e-08, 6.519763334923194e-09, 4.218688840133944e-09))","('suitcase', 1.6809795798385462e-05, (0.08446898425432706, 0.023453461365014805, 0.0065496241468651645, 0.004046393697663308))","('bottle', 0.3385927469510401, (279.5893362586158, 318.44621554915267, 20.586232091498353, 21.627254781206922))","('bottle', 0.27742213469680477, (338.898304326293, 326.23880410239695, 23.466258566243038, 35.20856957150654))","('apple', 0.0010602809073367598, (1.0302371447984349, 3.0198199082576265, 0.16898018931697428, 0.1461904214689453))","('diningtable', 0.02598538533959354, (51.42920072234533, 71.43747683661266, 47.92574840887299, 21.077539508549535))","('vase', 0.03303537651774428, (123.39828286628781, 133.35007861403392, 9.631441185215524, 13.98195826346694))","(39, 0.15945041179656982, (658.134033203125, 535.047607421875, 32.84939193725586, 32.14630889892578))","(39, 0.15138395130634308, (566.9496459960938, 494.0292053222656, 25.214078903198242, 29.884315490722656))","(39, 0.14996564388275146, (420.639892578125, 515.8861083984375, 33.223548889160156, 40.28694152832031))","(39, 0.12647810578346252, (651.9812622070312, 516.5203857421875, 40.86070251464844, 71.30947875976562))"
